,Tweets
0,RT @AngelaC51335397: Happy Jelly belly Friday dear friends. We hope you have a wonderful day full of love and happiness â¤You are amazing anâ€¦
1,RT @Timodc: My take on Georgia. The entire existence of the legislation in question is premised on a pernicious lie. And pretty much everyoâ€¦
2,"RT @fakeshoredrive: Happy GOOD Friday

Hereâ€™s your yearly reminder that we still need every GOOD Friday release on every streaming platformâ€¦"
3,"RT @SB19Official: ğŸ‰#SB19WhatMV7Million

Big shoutout to all of the people who keep on sharing our music with the world. We hope you're alsoâ€¦"
4,"RT @StarrRinko: @Jan4Jesus45
@digi11111
@BustersBrew
@Bree1914
@Shannonlovesusa
@BuckBond4
@Jacfam2
@StarrRinko
@arielangel1063
@MichelleMaâ€¦"
5,"SAINT JOHN - It wasn't the best Friday for the Saint John Sea Dogs but it was... a Good Friday.

My column:"
6,"RT @DustinBenge: Good Friday is not a day of despair!

The blood of Jesus is the believers:

Redemption (Eph 1:7),
Propitiation (Rom 3:25),â€¦"
7,RT @NejireeKun: I miss Fire Force and now Jujutsu Kaisen Fridayâ€™s ğŸ˜” https://t.co/vGBve6TSqV
8,RT @mad_breadloaf: Ainâ€™t it a Good Friday? https://t.co/IVInCZccm8
9,"RT @osynthesia: Happy Dot Friday everybody!
#animaniacs #yakko #yakkowarner #wakko #wakkowarner #dot #dotwarner #zanytwt https://t.co/aLnDMâ€¦"
10,Every Friday I look forward to seeing the new @TrashTastePod episode (:
11,Sami Zayn brings Logan Paul to his Red Carpet Premiere this Friday https://t.co/WFSn4TXRXS via @wwe
12,"RT @GovAndyBeshear: On Friday, Gov. Beshear reported 690 new #COVID19 cases and a positivity rate of 3.08%. The Governor also announced 1.4â€¦"
13,RT @EternalDago: Pontius Pilate on the first Good Friday:
14,"oh, you attend a university where you can be out without consequences from the institution itself? well i attend aâ€¦ https://t.co/gMGmZmS2sG"
15,RT @AsmLuzRivas: My office has received numerous calls from residents concerning the accumulation of trash on the 210 Freeway Hubbard Streeâ€¦
16,RT @DangeRussWilson: GOOD FRIDAY!!!
17,Happy Good Friday and Long weekend ğŸ˜Š https://t.co/Zr7qvBSGcf
18,The weekend is here and we're in for a relaxing Friday nigth! Come chill with some Stardew Valley! Might switch toâ€¦ https://t.co/PPlMyXEwP0
19,"Let the Count Down Begin. Since it's good Friday, wanted to give everyone a special treat.

New pod dropping at 8:3â€¦ https://t.co/Hkph37kKTQ"
20,It's Friday night so there are no rules.
21,GIVEAWAY FRIDAY!  502/500 FOLLOWERS! #TWITCHPARTNERGRIND https://t.co/NqZjEVPxeq
22,RT @JohnFugelsang: This Good Friday remember that if there was no Death Penalty Jesus might still be around.
23,"RT @Mike_Pence: This Good Friday, @KarenPence &amp; I join Christians everywhere remembering the sacrifice our Lord and Savior Jesus Christ madâ€¦"
24,"Johnny B's Punk Rock Kitchen Disco #296
Friday Fall Out No.43

This track is genius. Kind of Eastery too, eh?â€¦ https://t.co/fbMuNs92vC"
25,RT @RecruiterGuy81: Thank you for your #RETWEET @careeria_app! It is Springtime and companies are hiring! #Executives @AARP @IncMagazine @aâ€¦
26,@mboorstein @gehringdc No Mass is celebrated on Good Friday....
27,"A Good Friday indeed with these sweet buns! ğŸ’™ğŸ’—#BrighamCade #EvelynMonroe #FutureBFGF #FingersCrossed @ Longview, Teâ€¦ https://t.co/CfeP8GGqwW"
28,Would be nice to get a G.O.O.D Friday track today.
29,RT @CynthiaSchwind: ğŸ‰ğŸ‰Friday Night Raffle ğŸ‰ğŸ‰Follow author @barbaraoconnor &amp; retweet by 6pm 4/3 for a chance to win #Wish ğŸ’œğŸŒŸğŸ’œğŸŒŸğŸ’œğŸŒŸğŸ’œğŸŒŸğŸ’œğŸŒŸğŸ’œğŸŒŸğŸ’œğŸŒŸğŸ’œğŸŒŸğŸ’œğŸŒŸâ€¦
30,"RT @david8hughes: Judas: still on for Friday?
Jesus: Friday?
Judas: yeah, the last supper
Jesus: the what?
Judas: supper. Normal supper witâ€¦"
31,Happy Good Friday yalll
32,Who has two thumbs and tried to go to the post office on GOOD FRIDAY?
33,RT @JulesiTango: @an_leavy Nurses in Aged Care now not being vaccinated by Fed govt and told to get in line at their GP clinic with everyonâ€¦
34,Was all excited for beers ...but switching to lay low mode...I can use the break .....hope Friday nights is good to all ....TGIF
35,"RT @_Guizzz_: as it's Friday , the day of spaceships , let's have another one.. And a special one because the idea basically went straightâ€¦"
36,"RT @EWTNews: ğŸ“¹HIGHLIGHTS | Pope Francis led the Way of the Cross, featuring meditations prepared by children, in St. Peter's Square on Goodâ€¦"
37,spending this Friday evening thinking about how ronan went to the barns to dream so that he wouldnâ€™t dream bees neaâ€¦ https://t.co/2TsyfjepoR
38,"RT @gaitanalyst: Happy Good Friday, friends. Jesus died for us."
39,"RT @CoachHughFreeze: When I look at how Jesus tolerated those who threw insults and inflicted pain on this Good Friday, My hurts, grudges aâ€¦"
40,"RT @cheshirevenom: Friday the start of any #Horror weekend 
@abhorrently_urs @NickWallaceV @tibbs_sandi @UnDyrk @UnfoldGames @VivikaWidow @â€¦"
41,"RT @lunaestrellad0s: On next week's Moonbyul's studio moon night

Monday - WJSN (Soobin, Dayoung, Yeonjung, Luda, EXY)

Wednesday - G.O.D Sâ€¦"
42,"RT @DNPthree: Like this tweet for $100 - winner chosen in 70 minutes at start of stream.

Stream starts at 9:00PM EST. 

Happy Friday"
43,RT @jordanaalyssa: Good Morning. Today is Good Friday. Thank you Jesus for your love and your sacrifice.
44,@AnnaGreenwoodL1 Interesting tweets from a Bishop on Good Friday?
45,@JakeRocksOff Word. The Catholic Churchâ€™s â€œNo meat on Friday â€“ Fish onlyâ€ rule was the work of the Italian fishingâ€¦ https://t.co/DjkAIJkZfI
46,RT @LoveMedical95: Itâ€™s friday cash app her $250 just because
47,"@Askyomomma1 Itâ€™s just sad on good Friday, and one capital police man just doing his job had to lose his life, Andâ€¦ https://t.co/WOPxZoFZdn"
48,RT @taffypointby: #JujutsuKaisen friday https://t.co/hwbHpGAjoX
49,@wenotouthere i knew that but we did the good friday service online so we just used our own wine and ig iâ€™m just not used to the taste lmao
50,RT @Bandcamp: It is Bandcamp Friday.
51,@kazivert fbfhdudiduud its good friday so no school or anything
52,"RT @incelwarfare: Itâ€™s bandcamp Friday again, I donâ€™t have anything new so hereâ€™s a shameless plug

https://t.co/NFXpdnqnRb"
53,Final Fantasy Friday is live on  https://t.co/2lnQYQOYya come hang out as we start disc 3!
54,"RT @Thepakeeza: Happy Friday.ğŸ¥°ğŸ˜ğŸ˜ğŸ˜Š 
ğŸ“¹ Baby Lovers // Facebook https://t.co/lFu9DjLabT"
55,"RT @fakeshoredrive: Happy GOOD Friday

Hereâ€™s your yearly reminder that we still need every GOOD Friday release on every streaming platformâ€¦"
56,RT @AJhapamochi: Happy Friday LA @LAOnAir! Will you please play @BTS_twt #Dynamite for me on your @965TDY #TDYTop8at8 to celebrate? https:/â€¦
57,Tune in now at https://t.co/W5W2wYFfxt for our one-hour Good Friday service. #GoodFriday https://t.co/4W0g6ka9gZ
58,"RT @RichardGrenell: Itâ€™s Friday and hope is lost....

Death seems to have won,
Judas has betrayed Him,
His best friend denied Him,
His mothâ€¦"
59,"RT @Kofie: ""Aye bro you tryna see Citizen Kane this Friday?""

""Nah bro I can't. I got drafted"""
60,"RT @SheilaGunnReid: Good Friday at GraceLife. Heavy police presence just off church property. 

This is grotesque https://t.co/3vJVWC4rQV"
61,"RT @jaehyeongbald: âœ¨ friday: skin care day âœ¨ 
#BlackRoseSelcaDay #brsd #TheRoseSound #TheRose @TheRoseSound https://t.co/OnolPx9ZQS"
62,I actually got to watch #TheFalconAndTheWinterSoldier on a Friday â¤ï¸ğŸ¤ğŸ’™
63,"RT @SugarSkullTea: Batch 15 WIP

#1 and #5 have already been pre-claimed! (Pre-claims are only available on my Patreon for the Sugar-addictâ€¦"
64,RT @Sexy_kittykat13: Drop ur fkkn handles 4a Fkkn Friday boost bitches ğŸ˜†
65,RT @kydesro: Good Friday Liturgy in the Room Where it Happenedâ„¢ï¸ https://t.co/DAAkOm6khk
66,RT @soieange: Friday mood https://t.co/d2NsKwurlT
67,RT @JohnFugelsang: This Good Friday remember that if there was no Death Penalty Jesus might still be around.
68,"RT @NZArmy: Firepower FridayğŸ’¥ Join our soldiers in a virtual training area as they fire a Javelin Medium Range Anti Armour Weapon.

Donâ€™t fâ€¦"
69,RT @desusnice: It's Friday. Avoid the bookings beloved
70,"RT @im_the_chunk: Hey, it's Bandcamp Friday againâ€”I have $-0.02 right now, and would super super appreciate even one album sale so I don'tâ€¦"
71,friday night funkin corruption https://t.co/JJ190EeIjA
72,RT @MrAndyNgo: The man responsible for the deadly Good Friday Capitol Hill attack was a devout follower of Louis Farrakhan &amp; the black natiâ€¦
73,"RT @scn_widow: Friday night sushi, jelly beans, and prosecco. Does it get any better than that??"
74,@wingedisis Did you start with ROYGBIV or assign colors based on personality (Iâ€™m sorry Iâ€™m very interested in thisâ€¦ https://t.co/LUP4EFNDgN
75,Johnny's Friday evening kip https://t.co/qXJMmjG5NW
76,RT @XMISHACROSSX: Happy FridayğŸŒ± https://t.co/1KgpBANsRJ
77,RT @CynthiaSchwind: ğŸ‰ğŸ‰Friday Night Raffle ğŸ‰ğŸ‰Follow author @frankcottrell_b &amp; retweet by 6pm 4/3 for a chance to win #SputniksGuideToLifeOnEâ€¦
78,RT @grandma_goodie: Take 10 minutes to remember what Good Friday is about in Easter Story #7 Jesus on Trial &amp; Dying on a Cross: Amazing Hapâ€¦
79,"RT @plushieghoul: Meet OpheliağŸŒ¸ğŸ¦‡

adoptable friday 4/9 @ 6PM EST!

(read her story below) https://t.co/nTDsTKNQQx"
80,RT @JohnFugelsang: This Good Friday remember that if there was no Death Penalty Jesus might still be around.
81,RT @GatorsDaily: ITS FLAT FUCK FRIDAY!!!! https://t.co/t8BE2CGF8F
82,"RT @mmpadellan: Happy Friday to everyone who hasn't done sex trafficking, tried to pay prostitutes with Apple Pay, and then showed picturesâ€¦"
83,Happy Friday all https://t.co/2LvjYke95G
84,"Life is literally great
GREAT SEX
AMAZING FRIENDS
LOVING FAMILY 
WORKING HARD... what else could I ask for !!ğŸ¥° 
HAPPY FRIDAY:,)"
85,"California on Friday issued new guidelines allowing for a resumption of attendance at indoor concerts, sporting eveâ€¦ https://t.co/evMLRyTuSS"
86,RT @YungMiami305: Itâ€™s Friday I feel like having fun I wish I can party with yâ€™all â¤ï¸
87,â€œWe wait three days because thatâ€™s how long Jesus wanted us to wait. Thatâ€™s also when he invented the high fiveâ€ -Bâ€¦ https://t.co/Jb1fjBOMtP
88,"RT @T_S_P_O_O_K_Y: There is no doubt that Noah Green, aka Noah X, was radicalized...
Today's date - Good Friday - and several other clues iâ€¦"
89,"RT @HeadbandRoyce: JERSEY GIVEAWAY!
For hitting 1k followers Iâ€™m going to be giving away this new Jordan Clarkson jersey to you guys!
All yâ€¦"
90,Friday vibez https://t.co/HUiBLQxQOo
91,"RT @k4z1m1r_: If you guys couldnâ€™t tune in, thatâ€™s alright. Weâ€™ll (@realisotop3 and I) will be back next Friday 5pm EDT."
92,Took 5 tries but we got one finally. Good Friday Jesus dies for you and me and by his grace we are saved! https://t.co/xVkEOoJtCU
93,RT @abidickson01: today has been the most saturdayest Friday Iâ€™ve experienced
94,RT @CynthiaSchwind: ğŸ‰ğŸ‰Friday Night Raffle ğŸ‰ğŸ‰Follow author @MelissaRoske &amp; retweet by 6pm 4/3 for a chance to win #KatGreeneComesClean ğŸ§¡ğŸ§¹ğŸ§¡ğŸ§¹ğŸ§¡â€¦
95,RT @Timodc: My take on Georgia. The entire existence of the legislation in question is premised on a pernicious lie. And pretty much everyoâ€¦
96,"RT @Milliganreports: Me â€œperhapsâ€ (perhaps, perhaps, perhaps) deleting tweets is brought to you by the same peeps that had me tailing the Câ€¦"
97,"RT @HarbRimah: 5 machine learning skills you need in the cloud  https://t.co/r3mqHe6lx2  
#MachineLearning #DataScience #Python #AI #100Dayâ€¦"
98,RT @GatorsDaily: ITS FLAT FUCK FRIDAY!!!! https://t.co/t8BE2CGF8F
99,RT @saracoolpants: friday fit https://t.co/z5DtAaDNm0
100,RT @SVegasWrestling: @SVegasWrestling Episode 28 live streaming tomorrow (Friday) at 6PM UK time on the Skeg Vegas Wrestling YouTube channeâ€¦
101,"RT @BerkshireEagle: NORTH ADAMS, Mass. â€” The Capitol Police officer killed on Friday grew up in northern Berkshire County and graduated froâ€¦"
102,"RT @baddaddyt: Happy Friday, Old Sport. https://t.co/zFgCg2hJ8D"
103,"RT @onefinancefreak: Love me some Friday shoutouts!!

@Budgetdog_ 
@MidnightUDog 
@AdamShoup 
@financeman_ 
@JanineTaverner 
@AFC_FinanceFaâ€¦"
104,The man who died on Friday after attacking barricades around the US Capitol has been identified as 25-year old Noahâ€¦ https://t.co/MhHpJ5Gbe2
105,"RT @TheSamAcho: A beautiful Friday: 

Today is the most important day in the world. A Good Friday. 

Jesus died today: a villains death, soâ€¦"
106,"RT @fakeshoredrive: Happy GOOD Friday

Hereâ€™s your yearly reminder that we still need every GOOD Friday release on every streaming platformâ€¦"
107,"RT @DannyBate4: In the names for Good Friday in spoken European languages, there's a lot of variety - I've so far found four common adjectiâ€¦"
108,"RT @TomsTweeters: #ClimateStrikeOnline #DigitalStrike for #FridaysForFuture

Today would really be a Good Friday if the false promises, cleâ€¦"
109,"RT @Paula_White: Our Great Friday service begins in an hour. ""For God so loved the world that he gave his one and only Son..."" Join us 7pmâ€¦"
110,RT @Brad_D1988: Happy Friday everyone â˜€ï¸ https://t.co/umFkI2BtBs
111,"RT @konkrumah: Good Friday in my beloved constituency Ofoase/Ayirebi.

Had the opportunity to replicate the love of Christ  by supporting tâ€¦"
112,RT @tilewa__: Howâ€™s your Good Friday going ?ğŸ¤“ https://t.co/n1wWIFSa2b
113,"RT @vmaderna: âœ¨Doing a lil' giveaway to celebrate 12k Twitter peeps!âœ¨
I'll make a custom postcard-size painting of your favorite animal (exâ€¦"
114,"RT @RichardGrenell: Itâ€™s Friday and hope is lost....

Death seems to have won,
Judas has betrayed Him,
His best friend denied Him,
His mothâ€¦"
115,RT @JJKPerfectShots: The first Friday without Jujutsu Kaisen... https://t.co/390WQgVjOx
116,"Just a Friday night watching Seaspiracy with my partner and criticizing it!

So far besides our conclusion that thiâ€¦ https://t.co/rADeTyZ4CS"
117,"RT @Sflecce: â€œFor God so loved the world that He gave His only Son, so that everyone who believes in Him may not perish but may have eternaâ€¦"
118,RT @GatorsDaily: ITS FLAT FUCK FRIDAY!!!! https://t.co/t8BE2CGF8F
119,"Love learning from @lesliefisher and @followdaniella on a Friday night about @CanvaEdu !! Yes, there was alot of fuâ€¦ https://t.co/83Rpnt94H0"
120,"RT @JennaEllisEsq: Amazing day with @realDailyWire! 

Excited to join @MattWalshBlog and @robbystarbuck with @RealCandaceO FRIDAY on her neâ€¦"
121,"RT @DNPthree: Like this tweet for $100 - winner chosen in 70 minutes at start of stream.

Stream starts at 9:00PM EST. 

Happy Friday"
122,"Updates and posts are the focus for this month.

After Easter...i need to get my mind right.

Blessed Good Friday."
123,@lovemesomemusk Hi Danielle I was thinking about ordering a Tesla Model Y long range one my apartment does not haveâ€¦ https://t.co/uE5FRS377J
124,"@TxxsBeaut If you do get sass,. Ignore it. Enjoy your Friday"
125,RT @inquirerdotnet: The Philippines and three other countries have been added to Britainâ€™s red list â€œto protect the country against new varâ€¦
126,"RT @charts_k: 'Film Out' has been added to Spotify's New Music Friday playlist at #10 in the US 

https://t.co/1rYBtjGdBt https://t.co/kEwIâ€¦"
127,"RT @NT_Photo2: At the half, itâ€™s Oregon 14, Mendota 6. Additional photos will be posted on Friday Night Drive. Check out the aerial photo fâ€¦"
128,"RT @theoffensivenu1: @mattxiv â€œâ€”And weâ€™ll call the day Jesus died Good Fridayâ€ 
Jesus: https://t.co/lEqxUGVVFi"
129,RT @MiamiHerald: Gov. DeSantis issued an executive order Friday that prohibits businesses from requiring customers to provide any documentaâ€¦
130,"RT @fakeshoredrive: Happy GOOD Friday

Hereâ€™s your yearly reminder that we still need every GOOD Friday release on every streaming platformâ€¦"
131,Checking out the volumes this beautiful friday night and altcoins/try pairs are among the top traded coins at binanâ€¦ https://t.co/Dj1OT2Vq19
132,"RT @LeaderMcConnell: I am heartbroken that Officer Evans was killed today in the line of duty. On this Good Friday, let's all pray for healâ€¦"
133,"RT @NASA: Wind down your Friday with skywatching tips! ğŸ”­â­ï¸ 

April is the perfect month to see the constellation Leo, snap a picture of Satâ€¦"
134,"RT @TrevDon: Good Friday marks the day when wrath and mercy met at the cross. Thatâ€™s why Good Friday is so dark yet so Good. #GoodFriday ""Iâ€¦"
135,RT @AMGGoddessKat: Itâ€™s Friday whereâ€™s my checks ğŸ˜ˆğŸ™‹ğŸ¼â€â™€ï¸ğŸ¥ºğŸ¥ºğŸ¥ºğŸ¥º #rt if I look pretty I want a four digit tribute from a lucky boy https://t.co/â€¦
136,RT @pastoramaury: I am honored to have joined the vigil of Passover Friday and Good Friday in favor of excluded workers and a Workers Bailoâ€¦
137,RT @soieange: Friday mood https://t.co/d2NsKwurlT
138,it's a towa-stream-and-chipotle kind of friday
139,"RT @ChatahSpots: Another Friday, another weekend of adventure! ğŸŒ¸
#FursuitFriday 
ğŸ“¸ @SterlingTheLion / Me as Kane ğŸ˜º https://t.co/A0APdPcv52"
140,"RT @PeeksKyra: Good Friday. Thank you, God for sending your son. ğŸ¥º"
141,@andrewklavan excellent appearance today on the news.  Will check out your friday 'cast this weekend.
142,RT @FumoNoNichijou: It's Fumo Friday! You made it! https://t.co/vIRj3HkR4m
143,"RT @sergeivote: FRIDAY'S BEST

@michelle_spenc 
@radio_martin 
@Gemini21BLM 
@spiritdance33 
@Texy_Liz @4a_of 
@PrezLives2022 
@listopara20â€¦"
144,RT @JJKPerfectShots: The first Friday without Jujutsu Kaisen... https://t.co/390WQgVjOx
145,RT @JvlioS: Congratulations sailor you made it to Friday
146,"RT @FriskyFridayTgs: I wouldnâ€™t already be in my PJs this early on a Friday night 

#IfIWere16Again"
147,RT @onsitekiller: Yoooo It's Friday Night Verdansk Drive By Time! Come Hang Out And Chat! #smallstreamersupport #SupportSmallStreams #suppoâ€¦
148,"Friday Night Live | The Shah Indictment &amp; Arraignment, Nike, Girardi &amp; Y... https://t.co/cq9hAqOW8a via @YouTube"
149,RT @JoelMPeterson: On the Friday before Spring Break kids are engaged in learning. #alwayslearning #alwaysgrowing Great job @MsLauraFey1! @â€¦
150,RT @gonzo7626: Happy Friday Errbody!!! Lets kick it!! Cheers!! ğŸ»ğŸ¶ğŸ¶ğŸ¶ https://t.co/zWSxTGH20o
151,I assume itâ€™s meant to be more than a reminder what day it is because anyone who cares that it is Good Friday will already know. /2
152,"RT @Pablo_Nase11: Statistically speaking, we can only reach 35k streams per day assuming that we got 35k streams yesterday I doubt dahil goâ€¦"
153,@DannoWitness @Josh_brown31 @kirkmin @kirkminshow @BigSteve207 I felt fantastic until I saw this hot take. This ranâ€¦ https://t.co/izsuLmmt56
154,"RT @DrTomFrieden: I had planned to stop Friday night threads, but couldnâ€™t help sharing thoughts on this weekâ€™s developmentsâ€”there have beeâ€¦"
155,Itâ€™s Good Friday before Easter ğŸŒ¿ğŸŒ¿
156,RT @ronniejordan: Every Friday is #GoodFriday if youâ€™re breathing..........ğŸ™ğŸ¾ #BlessedAF https://t.co/SwssWXtovz
157,RT @ultrakillblast: Friday. https://t.co/bjPI3ZkVly
158,Happy Friday yâ€™all! Enjoy a sunset ğŸ˜Œâœ¨ https://t.co/jJPvomTdbW
159,"RT @LasVegasFreeze: ğŸ”¥ğŸ”¥$1000 GIVEAWAYğŸ”¥ğŸ”¥

$200 to 5 people who LIKE/RT/FOLLOW MYSELF &amp; @purewage5 

We do giveaways every single Friday to giâ€¦"
160,RT @kitty_kelliher: I'm glad to see that most people's reaction to @nadhimzahawi branding Good Friday with the Tory logo was this https://tâ€¦
161,RT @MrAndyNgo: The man responsible for the deadly Good Friday Capitol Hill attack was a devout follower of Louis Farrakhan &amp; the black natiâ€¦
162,RT @MattBellassai: another friday night living out my wildest fantasies (sitting on couch rubbing stomach)
163,"RT @IrelandEmbUSA: ""History says, Donâ€™t hope
On this side of the grave... 
But then, once in a lifetime 
The longed-for tidal wave
Of justiâ€¦"
164,"RT @stewartdantec: I am reading the gospels. It is Good Friday. Then Jesus cried again with a loud voice, the gospel writer says, and breatâ€¦"
165,RT @JohnFugelsang: Good Friday is when we honor the most famous innocent brown-skinned man to ever be unjustly executed by the state. httpsâ€¦
166,"RT @DemarJGrant: Here we go again, it's New Music Friday

https://t.co/CcQVJCdDax"
167,7 hours of Bandcamp Friday left. Weâ€™ve got a new single available to download and our debut album on 12â€ Silver Vinâ€¦ https://t.co/iKNQ9iuaHl
168,"RT @SuxHypocrisy: ğŸš¨WARNING: BE FULLY INFORMEDğŸš¨
The Good Friday Appeal is owned by News Corp (SEC FilingğŸ‘‡)
If News Corp paid tax, then Austrâ€¦"
169,RT @catherine___c: Oh no the deadly Good Friday attack on the Capitol wasnâ€™t by a White Supremacist Trump supporter. Damn. Sorry leftist meâ€¦
170,Day 86; without @b_stayyfadded Good Friday was our thing! Weâ€™d be all up in the kitchen with mom. Helping her cookâ€¦ https://t.co/kQYd4coVGS
171,First Friday in the house in a long time ğŸ’†ğŸ¾â€â™€ï¸
172,RT @JohnFugelsang: Good Friday is when we honor the most famous innocent brown-skinned man to ever be unjustly executed by the state. httpsâ€¦
173,RT @eggshellfriend: If my friends called the day i died â€œgood fridayâ€ i would literally never get over it
174,"RT @rockcreektweet: Itâ€™s Friday...but Sunday is coming!!
â€œJesus shouted again with a loud voice and gave up His spirit.â€ Matthew 27:50

ON-â€¦"
175,RT @jenkatesdc: Happy Friday everyone!  @DollyParton got her second dose! #COVID19 #vaccinated!
176,"RT @HANAtruly: JOIN US FOR TECHNOGOTH FRIDAY 

https://t.co/KO4XV5YKXH https://t.co/4xkmAfv4am"
177,"RT @DNPthree: Like this tweet for $100 - winner chosen in 70 minutes at start of stream.

Stream starts at 9:00PM EST. 

Happy Friday"
178,"On Friday, Gov. Ducey blasted Phoenix for enacting park restrictions on Easter weekend &amp; Mayor Gallego swiftly pushâ€¦ https://t.co/FOrj9U3uwR"
179,"Itâ€™s the thoughtfulness &amp; effort for me. 

Happy Good Friday! ğŸ˜ğŸ’›âœ¨âœ¨ https://t.co/jlFZOUQrrO"
180,RT @onlyfans1promo: Want Generous Fans Friday ğŸ’¸ Drop OnlyFans link âœ¨ Retweet &amp; Follow Us â­ï¸
181,"RT @AyandaThabethe_: Spiritual Ginger ğŸ’«

- Happy Easter Friday xxx https://t.co/M4MUGtyKua"
182,RT @deadbeatvlntin: itâ€™s fat cock friday
183,friday https://t.co/g0EGT8DDmu
184,"We are still rolling with GTARP! 

https://t.co/aEj9DpqVfN

Happy Friday! We are drinking! https://t.co/Lid1oSIlFR"
185,"Fuck a bar or a club, this is my kind of Friday night! Letâ€™s GO!!! ğŸ˜¤ @chuzefitness"
186,"@mattgaetz Friday night, everyoneâ€™s gone home for the weekend, a great time to retire, I mean resign.

#WaterGaetz 
#GaetzGate 
#PizzaGaetz"
187,RT @baldo_castaneda: Itâ€™s Friday baybe https://t.co/DFVcThC9Uf
188,"@RepJeffDuncan @MLB Listen, Jeff, it's Friday, which means you have the entire weekend to read the US Constitution.â€¦ https://t.co/bxzZfXJPm0"
189,RT @JulesiTango: @an_leavy Nurses in Aged Care now not being vaccinated by Fed govt and told to get in line at their GP clinic with everyonâ€¦
190,"RT @RadziwillLee: Picture it. Palm Beach.
Good Friday, 1961... https://t.co/ZR7nlOBIgd"
191,"RT @Doogle87: Friday Red Dead Online Stream!! #reddeadonline #RedDeadRedemption2 #ps4 #twitchstreamer 

Stream Link: https://t.co/IrjP8wRLjâ€¦"
192,From WWL TV: Fifth district shooting leaves man injured and in stable condition Friday https://t.co/Nl0X6ebyPj
193,"RT @RichardGrenell: Itâ€™s Friday and hope is lost....

Death seems to have won,
Judas has betrayed Him,
His best friend denied Him,
His mothâ€¦"
194,"RT @johncardillo: ICYMI: A black Muslim Farrakhan supporter attacked the US Capitol on Good Friday, one of the holiest days of the year forâ€¦"
195,RT @SportsCenter: The Houston Police Department has launched an investigation concerning Deshaun Watson after a complainant filed a reportâ€¦
196,OMG itâ€™s Friday!!! New Penthouse epğŸ˜
197,RT @brixana_: Casual Friday https://t.co/wogBHgmCda
198,"RT @MapleLeafs: Friday Night Lines.

#LeafsForever | @bochnereye https://t.co/vlB8ZQTLB4"
199,RT @cosmicseashanty: Fordola Friday!! https://t.co/h3U9GjNcjx
200,"RT @AgainInMay: Preview of our song â€œWavesâ€ out in one week, Friday, April 9th. Pre-save at the link in our bio! https://t.co/9LOdm4hjxo"
201,"Celebrating my 1-year anniversary @WOLC  online,  absorbing the theology, teaching, the exemplary pastoring ofâ€¦ https://t.co/q23lNJzyww"
202,Finally got a vaccination appointment!  ğŸ’‰  Happy Friday! https://t.co/e3fdycCEYG
203,"RT @alexclapham: If you dedicate just 6 minutes to the internet today, dedicate them to this video of Marcelo Bielsa speaking on his findinâ€¦"
204,hmm friday night
205,RT @funder: Hereâ€™s a string of questionable receipts from Matt Gaetzâ€™s campaign filings. Have a nice Friday.
206,FRIDAY IS HERE!!!! What do you do on a day off? #Friday #twitchtv  #twitchstreamers #twitch #Streaming #streamerâ€¦ https://t.co/drNgdEgghQ
207,"RT @BGEA: In a special Easter message, @WillGraham_4 explained the full meaning behind #GoodFridayâ€”and how the historic day has the power tâ€¦"
208,"RT @taylorgarron: i love hearing the call to prayer at the mosque down my street, i love hearing the shabbat siren every friday evening, iâ€¦"
209,RT @rolga77: Iâ€™m out of here. Good night and happy Friday ğŸ¹ https://t.co/wS2veT8x0S
210,"RT @JennaEllisEsq: Amazing day with @realDailyWire! 

Excited to join @MattWalshBlog and @robbystarbuck with @RealCandaceO FRIDAY on her neâ€¦"
211,"RT @NationalFile: Nation of Islam follower Noah Green declared that the U.S. government was ""the #1 enemy of Black people"" shortly before pâ€¦"
212,"I wouldnâ€™t already be in my PJs this early on a Friday night 

#IfIWere16Again"
213,It's Friday night! And the feeling's right! It's time to live tweet #MacGyver
214,I'm horny every Friday whether it's good or bad https://t.co/qZR3fCrnM3
215,"RT @jordynejoness: Happy Friday!! And to answer the question, noâ¤ï¸ he canâ€™t come in https://t.co/q75F9RhJx9"
216,"@justoamuse Yes, boss. Friday, 23 April 2021 at 12:00 GMT+0000. One new reminder, coming right up.

https://t.co/pBXfRKrD6v"
217,"RT @John_barron_19: Have a blessed Good Friday, everyone! #GoodFriday https://t.co/SUKI7iK4zb"
218,"""Hey it's Darby-free Friday with your fun host: Indy! Who wants to see a thread of Seattle spring adventures with mâ€¦ https://t.co/lpxGArF1KZ"
219,RT @JohnFugelsang: This Good Friday remember that if there was no Death Penalty Jesus might still be around.
220,RT @LadeBackk: Take a break from trading. This Friday is Good. https://t.co/sSOyLSAWju
221,"@open071 Good morning Joe..
Happy Friday to you too..ğŸ˜‚ğŸ˜‚ğŸ¥°"
222,RT @albamonica: Church bells toll in the background as we near 3 pm on this Good Friday with the tragic update that a United States Capitolâ€¦
223,Friday night music on BBC4 knocking it out of the park tonight. Fleetwood Mac followed by some 60s prog rock. Stunning...
224,"Friday recap after a SENIOR DAY sweep at the TTC. ğŸ¤˜

https://t.co/cBj9rsC6OG"
225,RT @REIMERholics: Trudeau's message for Ramadan vs Trudeau's message for Good Friday. https://t.co/42uPpaRbSL
226,RT @CynthiaSchwind: ğŸ‰ğŸ‰Friday Night Raffle ğŸ‰ğŸ‰Follow author @frankcottrell_b &amp; retweet by 6pm 4/3 for a chance to win #SputniksGuideToLifeOnEâ€¦
227,"RT @JennaEllisEsq: Amazing day with @realDailyWire! 

Excited to join @MattWalshBlog and @robbystarbuck with @RealCandaceO FRIDAY on her neâ€¦"
228,RT @LauraBundesen: Day 2 #SciArtTweetStorm - â€˜Pink Skiesâ€™ 36x36 AND happy Friday everyone ğŸ¤©ğŸ§ â¤ï¸ https://t.co/12CBpaBhGX
229,Good evening and thanks to all who read/shared last nightâ€™s #shorty. I hope Friday is treating you gently. https://t.co/R0VdvpN1U2
230,@RidleyHowell Happy Friday. Have a great weekend. â¤ï¸ğŸ¶ğŸ¥°
231,"Good Friday pub crawl tradition! ğŸº @ Stawell, Victoria https://t.co/zKNgSvwPew"
232,"Powerful Good Friday sermon. Jesus alone was steadfast, resolute and unwavering as He went to the cross. https://t.co/Ds4Y101Y1y"
233,"RT @globeandmail: Good Friday still a big deal in Newfoundland and Labrador, even in a pandemic https://t.co/SWhAC5Iuhw"
234,"Friday afternoon drinks at the Establishment in Grangeville, Idaho! ğŸ¥ƒğŸŒ² https://t.co/oZ7cxEMsGU https://t.co/qRN3BNveIm"
235,why isnt good friday called cruicifriday
236,RT @CynthiaSchwind: ğŸ‰ğŸ‰Friday Night Raffle ğŸ‰ğŸ‰Follow author @barbaraoconnor &amp; retweet by 6pm 4/3 for a chance to win #Wish ğŸ’œğŸŒŸğŸ’œğŸŒŸğŸ’œğŸŒŸğŸ’œğŸŒŸğŸ’œğŸŒŸğŸ’œğŸŒŸğŸ’œğŸŒŸğŸ’œğŸŒŸğŸ’œğŸŒŸâ€¦
237,RT @kfjoanes: We are saved not by what we do but what Christ has done on the cross - Blessings to you all on this Good Friday https://t.co/â€¦
238,"@MysterySolvent Drink of Choice is Cream Soda Dr.Ppr , Currently takin a Herb Break from washin dishes &amp; then it'sâ€¦ https://t.co/S7exev1SSO"
239,"Advertise your NFT on https://t.co/fQpNhV7Hqo

#forevertise #ethereum #Bitcoin #Dapps #ETH 

Good fridayâ€¦ https://t.co/H4Jk16WXb3"
240,"@eventhorizon451 @YouTube Oh, this looks like fun!!!  And he looks so great.  Those eyes peering over the glasses.â€¦ https://t.co/rghTSx4P2B"
241,RT @SVegasWrestling: @SVegasWrestling Episode 28 live streaming tomorrow (Friday) at 6PM UK time on the Skeg Vegas Wrestling YouTube channeâ€¦
242,RT @GlennonMarkE: Friday night massacre for Illinois students and taxpayers: https://t.co/52tkSJuPQR
243,RT @JohnFugelsang: This Good Friday remember that if there was no Death Penalty Jesus might still be around.
244,"RT @stanworld_twt: Hey guys, are you enjoying your Friday? We are here to bring you Todayâ€™s Current Ranking! Through the difficult past dayâ€¦"
245,"RT @helloDW_: It is Friday and I wish a bobaaaaaaaaa ğŸ§‹

Kigu made by @lilybatcosplay !!!
#monsterhunter #monsterhunterrise #mhrise #monhunâ€¦"
246,"RT @RichardGrenell: Itâ€™s Friday and hope is lost....

Death seems to have won,
Judas has betrayed Him,
His best friend denied Him,
His mothâ€¦"
247,@HirezOps Always on a friday smfh
248,"RT @stanworld_twt: Hey guys, are you enjoying your Friday? We are here to bring you Todayâ€™s Current Ranking! Through the difficult past dayâ€¦"
249,45 Mins of FUNK! Funk Friday w/Garrett Shider! https://t.co/tUTU8oL9b5
250,"RT @Outriders: End of Friday Launch News Roundup - a Thread (1/3) ğŸ‘‡

Apparently we had some server problems? You probably weren't aware. ğŸ‘€â€¦"
251,"RT @BGEA: In a special Easter message, @WillGraham_4 explained the full meaning behind #GoodFridayâ€”and how the historic day has the power tâ€¦"
252,@MysterySolvent Watching â€œ Lostâ€ for the umpteenth time and if Iâ€™m feeling crazy having a wild berry Izze ( a typeâ€¦ https://t.co/iXQ954zG7m
253,RT @MrAndyNgo: The man responsible for the deadly Good Friday Capitol Hill attack was a devout follower of Louis Farrakhan &amp; the black natiâ€¦
254,RT @RebeccaRocka: Itâ€™s Good Friday and Easter is in the air ğŸ£ğŸ‡... Although some people are being mean to me with their tweets for no reasonâ€¦
255,RT @Nkanyiso_tm: groove on good friday?? dont you have a family broğŸ˜­
256,RT @ThomasWenski: ADOM :: Our 'way' should also be the cross https://t.co/UJjLfQUMdt https://t.co/zTLQjSPdys
257,"RT @DNPthree: Like this tweet for $100 - winner chosen in 70 minutes at start of stream.

Stream starts at 9:00PM EST. 

Happy Friday"
258,RT @CynthiaSchwind: ğŸ‰ğŸ‰Friday Night Raffle ğŸ‰ğŸ‰Follow author @CozbiHandmade &amp; retweet by 6pm 4/3 for a chance to win #MeandMama ğŸ’›ğŸ¥°ğŸ’›ğŸ¥°ğŸ’›ğŸ¥°ğŸ’›ğŸ¥°ğŸ’›ğŸ¥°ğŸ’›ğŸ¥°ğŸ’›ğŸ¥°â€¦
259,NYC on the evening of Good Friday #GoodFriday2021 #Easter #NYC #Spring @EmpireStateBldg https://t.co/zgkbhTJlSa
260,@RingsTheSquad last friday night
261,Freeze out Friday. Iâ€™m getting the silent treatment because he got mad that I was startled by him
262,I went from not smoking to smoking 2 ounces in a week. Literally get 2 every Friday ğŸ˜«
263,@ChefGruel inspired with all the Friday fish pics. Taste the rainbow! https://t.co/2VLIRjXo6v
264,"RT @rachiejoy77: Good Friday 

On a hill far away stood an old rugged cross 
The emblem of suffering and shame 
And I love that old cross wâ€¦"
265,"In a special Easter message, @WillGraham_4 explained the full meaning behind #GoodFridayâ€”and how the historic day hâ€¦ https://t.co/5Vl0UjmRyg"
266,"RT @NCAAsoftball: WALK IT OFF! 

A walk-off home run by @aubree_kaelen gives Tulsa the 5-4 win over No. 22 UCF in game one of Friday's doubâ€¦"
267,Grinding &amp; it's FRIDAY!!! ~~~~~~ 30+ weeb who just can't quit loving video games and anime  https://t.co/gR4Xawzf9h
268,@eatinginmycar Better Friday
269,What do people do on Friday nights?
270,"RT @dukewindsor388: Today is Good Friday, and if they arrested Matt Gaetz, it'd be a Great Friday."
271,itâ€™s either people who donâ€™t even see sunlight anymore because theyâ€™re so scared or bitches who go to the bars withâ€¦ https://t.co/3ODfv6qY8R
272,@WeWatchedAMovie ğŸ‘ see you guys In a hour hope you and jay are having a great Friday itâ€™s always good time hangoutâ€¦ https://t.co/vWa0oZInAq
273,Maybe bc itâ€™s Good Friday idk
274,RT @LeagueOfLegends: Get your Friday groove onğŸªğŸ¶ It's the Space Groove theme song! https://t.co/i8ZB3TeyI6
275,E be like say this Friday and God of war get am
276,"RT @BeautyATTz: Happy Good Friday to all those who are celebrating today, especially those in countries where Christians are targeted and pâ€¦"
277,"RT @JennaEllisEsq: ğŸš¨NEW: #JustTheTruth podcast

The Truth about Good Friday ğŸ™

https://t.co/EALaNkYu9q"
278,Fortnite Friday over on the @ArcadeWarrior twitch stream https://t.co/0t43dmsaR3
279,@Annierenea3 Wooow. Thatâ€™s how you coming on a Friday luv? Digress
280,RT @YakuzaFriday: Friday at last... https://t.co/pnEWlfrtyu
281,"Good Friday #ADOS  MINDoverMatter  
Our Sons And Daughters! https://t.co/qEwiGYVb3b via @YouTube"
282,"RT @RichardGrenell: Itâ€™s Friday and hope is lost....

Death seems to have won,
Judas has betrayed Him,
His best friend denied Him,
His mothâ€¦"
283,"RT @stanworld_twt: Hey guys, are you enjoying your Friday? We are here to bring you Todayâ€™s Current Ranking! Through the difficult past dayâ€¦"
284,RT @GatorsDaily: ITS FLAT FUCK FRIDAY!!!! https://t.co/t8BE2CGF8F
285,RT @GatorsDaily: ITS FLAT FUCK FRIDAY!!!! https://t.co/t8BE2CGF8F
286,It's Friday Again! What are you playing or drinking tonight!
287,TRANSLATION: its flat fuck friday
288,MSCC Good Friday https://t.co/IsrEFq5706
289,Vaccine scheduled for next Friday for me and the hubby!!! Shoutout to @Linda1Park snd @John1Park for notifying me of the appointments!!
290,"Friday workout done! Warm-up, squat, legs, 4 supports, sit-ups &amp; walking #Livinghealthy #Thewoodworks #Motivationâ€¦ https://t.co/pbfbY4MF6u"
291,"RT @JennaEllisEsq: Amazing day with @realDailyWire! 

Excited to join @MattWalshBlog and @robbystarbuck with @RealCandaceO FRIDAY on her neâ€¦"
292,RT @KB_HGA: Part of the Good Friday story is about how God would rather die than remember your sin anymore.  Thank you for your blood Jesusâ€¦
293,The Friday Recap https://t.co/Ic0qeTGYJB
294,"RT @stanworld_twt: Hey guys, are you enjoying your Friday? We are here to bring you Todayâ€™s Current Ranking! Through the difficult past dayâ€¦"
295,"RT @CamilleKennerly: â˜€ï¸â€œAmazing Grace, how sweet the sound!â€â˜€ï¸ We hope you enjoy our harp &amp; vocal arrangement of one of the most known andâ€¦"
296,"RT @JustBob10: Sunday to Thursday

I DONT WANT THAT VACCINE IN MY BODY BLAH BLAH BLAH, nobody knows what's in it

Friday and Saturday httpsâ€¦"
297,"RT @stanworld_twt: Hey guys, are you enjoying your Friday? We are here to bring you Todayâ€™s Current Ranking! Through the difficult past dayâ€¦"
298,"RT @briantylercohen: And I, for one, am furious that the day after Friday is being described as â€œSaturday.â€"
299,Another Friday! @paulvalach what soup are you having this weekend?
300,RT @BlacklistRoom: FRIDAY NIGHT AND WE'RE BLACKLISTING
301,"RT @raikugan: ITS FRIDAY! So, my weekend commissions are open! I'm not putting a limit on how many I take this week. https://t.co/0wAMvGCEVâ€¦"
302,"Even being sick and feeling like crap right now, I canâ€™t miss my Friday night favorite. #MacGyver"
303,"HAPPY GOOD FRIDAY, #myhappyplace #kayaking https://t.co/gjQHiau53v"
304,"#AI #ML #Analytics #DataScience truth for your Friday: Little by little, makes a little a lot. https://t.co/PSeVDAkWdX"
305,"RT @KendrickLaMario: Had a great Friday with some chill folks :) 

Thanks for hanging \o/ https://t.co/4QFMEAhHRa"
306,"RT @Wnj_____: Itâ€™s Good Friday, did you write today? #WritingCommunity #writerslife #WritersCafe #writers #writerscommunity #amwriting #amqâ€¦"
307,Industry Jokes â€“ Resume Writer: Resumes should have headings. â€˜The things an employer doesnâ€™t see on a Friday nightâ€¦ https://t.co/zqjMrMu3tN
308,#NoBadVibes | Riding out a friday.. more ... out. rides. out.. idk. I'm playing more outriders okay.â€¦ https://t.co/YLf6Bp4tPu
309,Happy Good Friday â¤ï¸
310,RT @DangeRussWilson: GOOD FRIDAY!!!
311,"ESO Friday - Getting that sweet, sweet XP during Jubiliee | !drops are on this weekend | News First https://t.co/Juop7IyT7G"
312,"RT @MTNPod: Happy Friday!  We made it!

On our latest episode, Pumped Up Jams, we bring @epic_lish aboard to discuss some songs that pump uâ€¦"
313,"RT @SportsCenter: Loyola Chicago's Porter Moser is in negotiations with Oklahoma to become the Sooners' next head basketball coach, sourcesâ€¦"
314,"RT @LasVegasFreeze: ğŸ”¥ğŸ”¥$1000 GIVEAWAYğŸ”¥ğŸ”¥

$200 to 5 people who LIKE/RT/FOLLOW MYSELF &amp; @purewage5 

We do giveaways every single Friday to giâ€¦"
315,"@berberwalker a fantastic way to spend my Friday afternoon, cannot wait to safely do this in person soon ğŸ’›ğŸ’›"
316,"RT @MikeTheRawkstar: Friday's always got that hyped feeling going on, who else is ready to relax this weekend?! Chill with your awesome vibâ€¦"
317,RT @JohnFugelsang: This Good Friday remember that if there was no Death Penalty Jesus might still be around.
318,RT @nytpolitics: A post-mortem analysis of the 2020 election that was released on Friday shows that former President Donald J. Trump succeeâ€¦
319,The shorts got April Foolâ€™s. We got Good Friday. Brilliant ğŸ’¡ https://t.co/XfFkAjHX4j
320,"RT @VaticanNews: Today marks the 16th anniversary of the death of Saint John Paul II. As it is also Good Friday, we remember him praying inâ€¦"
321,RT @FOX8NOLA: New Orleans East Hospital offering free fish plate with COVID vaccine on Good Friday https://t.co/uPHIZuvQag
322,"RT @DNPthree: Like this tweet for $100 - winner chosen in 70 minutes at start of stream.

Stream starts at 9:00PM EST. 

Happy Friday"
323,"RT @RichardGrenell: Itâ€™s Friday and hope is lost....

Death seems to have won,
Judas has betrayed Him,
His best friend denied Him,
His mothâ€¦"
324,Happy Good Friday ğŸ˜¬ https://t.co/itTJ1UgdK2
325,"From the field to your delivery site, our drivers always have safety and efficiency first.

Santiago shows us how iâ€¦ https://t.co/HW1cPJupyY"
326,@AnAllways Happy Friday to you!
327,"RT @IAM_ZNae: We delight in the beauty of the butterfly, but rarely admit the changes it has gone through to achieve that beauty. - Maya Anâ€¦"
328,"RT @TheGrimsy: ğŸSURPRISE GiveawayğŸ

âœ¨Like &amp; Retweet to enter
âœ¨Winner Friday at 10pm CST
âœ¨Imagine not seeing this

#ApexLegends @PlayApex htâ€¦"
329,1 week down.. I turn 25 next Friday fml lol
330,Happy Friday! Thanks for being a part of my week! Have a great weekend everyone! #RuckusMaker #AmericanRuckus
331,"RT @NagalieArt: Hi MCYT twitter, this Friday I'm ab to post a #technoblade animation : ) #technobladefanart #technofanart #dreamsmp #dreamsâ€¦"
332,"RT @Thepakeeza: Happy Friday.ğŸ¥°ğŸ˜ğŸ˜ğŸ˜Š 
ğŸ“¹ Baby Lovers // Facebook https://t.co/lFu9DjLabT"
333,"RT @Franklin_Graham: If we trust Him by faith and repent of our sins, God will forgive us, heal our hearts, and give us a new life with Himâ€¦"
334,"When I explained to my son the other day that Good Friday was the day Jesus died, he was like ğŸ¤”. https://t.co/mQx3nOfVXI"
335,"Newest HxH first reaction video up! Go check it out! 
#hunterxhunter #hxh #gon #anime #reaction #youtube

https://t.co/U6Nioy32Qw"
336,Friday 04/02/21 (DRAW NUMBER: 120350) 4
337,RT @ANTICONQUISTA: Free Palestine Friday ğŸ‡µğŸ‡¸âœŠğŸ¼ https://t.co/YlvqoiSmza
338,"Another Friday! It's April 02, 2021 at 04:59PM Visit Chamchans to watch Kdramas"
339,"RT @Saintsuponly98: Good morning Sup Sup â¤ï¸
Happy FridayğŸ’‹ğŸ˜˜ğŸ’‹ğŸ˜˜
#à¸­à¸£à¸¸à¸“à¸ªà¸§à¸±à¸ªà¸”à¸´à¹Œà¹€à¸‹à¹‰à¸™à¸•à¹Œà¸‹à¸¸à¸›
#Saint_sup @Saint_sup https://t.co/1na35PO8UL"
340,RT @GordonRamsay: Friday vibes https://t.co/R7KaQo4LNx
341,Happy Good Friday ladies and gents! Donâ€™t forget he came back!
342,"RT @werupz: ARTIST SUPPORT/SHARE! you know is FRIDAY TIME!
Also hit 4,1K so thanks so much! 
RULES ğŸ‘¹ğŸ‘¹
Introduce yourself and share your amaâ€¦"
343,RT @MrAndyNgo: The man responsible for the deadly Good Friday Capitol Hill attack was a devout follower of Louis Farrakhan &amp; the black natiâ€¦
344,it's bandcamp friday and we forgot to share on twitter that we've got a new tote up as well as stock of vinyl and câ€¦ https://t.co/ep7kIEVNjz
345,"RT @TheSamAcho: A beautiful Friday: 

Today is the most important day in the world. A Good Friday. 

Jesus died today: a villains death, soâ€¦"
346,it has been a beautiful friday.
347,RT @MrAndyNgo: The man responsible for the deadly Good Friday Capitol Hill attack was a devout follower of Louis Farrakhan &amp; the black natiâ€¦
348,"RT @fnightd: Friday Night Death #143 with special guest Gary Butler - live stream - Periscope:
https://t.co/Lyp6TsaffH"
349,Well at least itâ€™s Friday
350,Sun setting in Stillman Valley. Just feels right to be in Ogle Co. for Friday Night Football! https://t.co/Ddxp2oj7kI
351,RT @eringriffith: friday night scoop from @MikeIsaac and me: Pinterest and VSCO have had deal talks https://t.co/lVKhBUZe0r
352,Happy Friday!!! Enjoy your weekend and be safe!
353,RT @Bandcamp: It is Bandcamp Friday.
354,"RT @NCAAsoftball: WALK IT OFF! 

A walk-off home run by @aubree_kaelen gives Tulsa the 5-4 win over No. 22 UCF in game one of Friday's doubâ€¦"
355,"RT @1CrypticPoet: Good morning, Crypto Fam. Regardless of what coin you hold, we're all in this together. 

If you're not making profits, bâ€¦"
356,"RT @KeetPotato: me: ""we commemorate the day you died every year""
jesus: ""thats nice, what's the day called?""
me:
jesus:
me:
jesus: ""keith?""â€¦"
357,"RT @harriet1marsden: Once again I am begging the government not to make important or controversial statements at 10pm on a Friday night, Châ€¦"
358,RT @JohnFugelsang: Good Friday is when we honor the most famous innocent brown-skinned man to ever be unjustly executed by the state. httpsâ€¦
359,RT @taffypointby: #JujutsuKaisen friday https://t.co/hwbHpGAjoX
360,RT @JohnFugelsang: This Good Friday remember that if there was no Death Penalty Jesus might still be around.
361,Like if you ate crawfish for Good Friday!
362,Happy GOAT Friday ğŸ™Œ @ Billy Goat Trail https://t.co/8M1s9MheL1
363,RT @SouzyLIVE: Good Friday Experience begins come! Come learn about what Good Friday is all about and why I believe it is one of the greateâ€¦
364,"RT @SB19Official: ğŸ“½ #SB19WhatTheMakingFilm | Teaser 

Watch this 5-episode YouTube docuseries that will give you a glimpse of #SB19What jouâ€¦"
365,"Oh yeah, Happy Fat Bottom Friday! https://t.co/wU42GVJ7qm"
366,"@HI_DLIR Called Call Center (all claims): (833)-901-2272 and recorder comes on saying ""call during operating hoursâ€¦ https://t.co/o8TJtggUA5"
367,RT @queenveej: I only get to post this video once a year. Itâ€™s Good Friday because he did what on Sunday? GOT UP *churchy voice* https://t.â€¦
368,Why is this Good Friday if this is the day Jesus died? Like.. it was for a good cause and all but one - death is neâ€¦ https://t.co/ebfsqeKibw
369,RT @goodtochwe: Taylor gave us blatant Easter eggs in honor of Good Friday. We love a good Christian woman.
370,RT @TMobileTruckSFD: Your Favorite ğŸšš @TMobileTruckSFD is here at the First Friday food trucks event in amazing Downtown Clermont. Come visiâ€¦
371,RT @arxhiiie: none of us would be here today without pink friday roman reloaded
372,Good Friday dinner.  :3 https://t.co/2lcElWsQaE
373,All right everyone!! We're back tonight with Fuser Friday! We got Numb! We got Sandstorm! We got Dancin! And as alwâ€¦ https://t.co/c3IwSDOxxd
374,RT @Gritty20202: It's Shut the Fuck Up Friday https://t.co/GXicZ7pClg
375,"RT @Acosta: CNN: There were more than half a million excess deaths in the US during the coronavirus pandemic, according to research publishâ€¦"
376,RT @thee_theoivory: Friday is #BillieKayDay        And thatâ€™s on period.
377,RT @CynthiaSchwind: ğŸ‰ğŸ‰Friday Night Raffle ğŸ‰ğŸ‰Follow author @frankcottrell_b &amp; retweet by 6pm 4/3 for a chance to win #SputniksGuideToLifeOnEâ€¦
378,#HappySabbath Good Friday edition
379,"RT @JharrelJerome: Itâ€™s on and poppinâ€™ this Friday. Ride out with me, @idriselba , @calebmclaughlin , @byronbowers , @LPToussaint , and @meâ€¦"
380,"RT @berni_omar: Good morning beautiful people ! 
Let's do the classic Friday #shill 
-Post your work
-Retweet and Check other artist's workâ€¦"
381,"RT @fnightd: Friday Night Death #143 with special guest Gary Butler - live stream- YouTube:
https://t.co/IcFvV1mrlG"
382,"RT @chenaixo: Things to remember about Jesus this Good Friday:

â€¢ He willingly gave his life, it was not taken from him
â€¢ He took the punisâ€¦"
383,"RT @ufc: Texas is in for a show! Which fight are you looking forward to most? ğŸ¿

[ #UFC262 On-Sale | Friday at 10amCT ] https://t.co/BN7r5Jâ€¦"
384,RT @JulesiTango: @an_leavy Nurses in Aged Care now not being vaccinated by Fed govt and told to get in line at their GP clinic with everyonâ€¦
385,@Ironhorse76 Happy Friday Ironhorse and everyone! Thereâ€™s been way too much stupid in the last four years. And plenâ€¦ https://t.co/7MTeY6pGpW
386,"NEW DETAILS: Capitol Police Officer William ""Billy"" Evans, who was killed in Friday's attack, is from western Massaâ€¦ https://t.co/0V5iF8PVSW"
387,"RT @PureMSD: BASTION 5v5 Blind Pick Tournament $10,000 Prize
Giving away $1000+ throughout the stream!
When: April 2nd Friday 8:30pm EST! ğŸš€â€¦"
388,"RT @RealMattCouch: Itâ€™s Good Friday and the Truckers are still working all across Americaâ€™s interstates! 

Thank a Trucker if you see one tâ€¦"
389,RT @GatorsDaily: ITS FLAT FUCK FRIDAY!!!! https://t.co/t8BE2CGF8F
390,"@JoyAnnReid dang, @thereidout tonight was an epic snarkfest! First @CynthiaAlksne dragged Matt Gaetz, thenâ€¦ https://t.co/VwMbzgDWaj"
391,"RT @DNPthree: Like this tweet for $100 - winner chosen in 70 minutes at start of stream.

Stream starts at 9:00PM EST. 

Happy Friday"
392,"RT @mehdirhasan: Don't let this get buried in all the Friday news: this is big, important, and welcome on the foreign policy front."
393,"#QuantumPhysics #LeoQuantum 
#TimeSych 

from the TimeKeeper

Current Local Time â€” MontrÃ©al 
Friday, 02 April 2020

002,169 05:44:00.1

.."
394,@GOP I applaud the @GOP for saying this. Not a SINGLE Democratic page has even acknowledged today is Good Friday anâ€¦ https://t.co/hXdD6iX4tL
395,My favorite part about Dinner and a Movies is that I can replay them on Friday night. I'm an old
396,"RT @pasttheboxes: @FrankKane11 @ForcedHappenst1 @MisterSalesman catch you guys later... it's ğŸ‰Friday ğŸŠ
-it has been fun- 

a few more clickâ€¦"
397,RT @AAKnopf: Friday âœ¨ https://t.co/kHdVG4p0l1
398,RT @CynthiaSchwind: ğŸ‰ğŸ‰Friday Night Raffle ğŸ‰ğŸ‰Follow author @guerrerotanya &amp;  bookstore @BNPittsford &amp; Retweet by 6pm 4/3 for a chance to winâ€¦
399,still waiting for the superlative better friday and best friday
400,"RT @Frances_Coppola: Let's all stop and think about what Good Friday is actually about. On this day, Christians remember the violent deathâ€¦"
401,"RT @sarasidnerCNN: I was going to talk about religion on Twitter and realized it was a death wish. 

I will say this. Have a Good Friday. ğŸ˜‡"
402,"RT @MysterySolvent: Itâ€™s Friday Night! It has been a long week. What is your drink of choice tonight, non-alcoholic beverages included!!
Whâ€¦"
403,"RT @HeadbandRoyce: JERSEY GIVEAWAY!
For hitting 1k followers Iâ€™m going to be giving away this new Jordan Clarkson jersey to you guys!
All yâ€¦"
404,RT @JohnFugelsang: This Good Friday remember that if there was no Death Penalty Jesus might still be around.
405,another friday night living out my wildest fantasies (sitting on couch rubbing stomach)
406,@RingsTheSquad last Friday night
407,"RT @Genius: nine years ago today, nicki minaj dropped â€˜pink friday: roman reloadedâ€™ ğŸ€ the album went no. 1 on the billboard charts and hasâ€¦"
408,RT @Enkeyem11: Have a blessed Good Friday https://t.co/yw2POQUnjs
409,"RT @CBS: Kick off your weekend right with all-new episodes of your favorite Friday shows! 

Looks like we're getting dressedğŸ†™ in tonight'sâ€¦"
410,"Want to play 3v3 Volleyball?

Register by Friday, April 9 at https://t.co/treBcJezrw to secure your spot! https://t.co/qj5d5ExIvB"
411,RT @YYOOUUSSU: @Flow_blume @szentandrassym @time_tested123 @BabyGo2014 @BruynChantal @SusanRizzo12 @SKID1144 @maryrhoton @SathieGounden @m_â€¦
412,"RT @LBC: Hundreds of people have taken part in Kill the Bill protests across the UK on Friday, despite warnings issued by police

https://tâ€¦"
413,"Friday He Died âœï¸
Sabbath He Rested ğŸ’¤ 
Sunday He Rose ğŸ™ŒğŸ½

#EasterWeekend"
414,"It's The Friday Night Fix!!! 

We go live at 8:15pm EST

It's Race Night

https://t.co/rO617YHAGu 

#JumpIn #GameOnâ€¦ https://t.co/0CJLWvuY9p"
415,RT @feedmewithyour_: Itâ€™s Foreskin Friday yâ€™all ğŸ™ƒ https://t.co/wmxpxDZMNR
416,"RT @rapalert3: 9 years ago today Nicki Minaj released her second studio album â€œPink Friday: Roman Reloadedâ€ featuring â€œStarships,â€ â€œBeez inâ€¦"
417,"RT @MargoCatholic: We adore Thee O Christ and we praise Thee. Because by Thy Holy Cross, Thou hast redeemed the world. 

Blessed Good Fridaâ€¦"
418,"I was uh, going to take a picture with the Red White and Berry Smirnoff I got for tonight, but, I noticed my arms??â€¦ https://t.co/1Dr04QyOZ9"
419,RT @TWP_SERIUS: Warzone update?! Live on a Friday!! #Sub2Serius #supportsmallstreamers https://t.co/xnZZSpzIEj
420,"RT @kexp: Tune in to Friday Night with DJ Michele! From 7 - 10pm PT, sheâ€™s dedicating her show to Asian and Asian American artists. Streamiâ€¦"
421,"RT @UCLAMBB: ""We're excited to be here, from a basketball standpoint. So to be able to keep competing and to get to play another game and aâ€¦"
422,"RT @michaelianblack: Two Fridays ago, I ate 2 SLICES of pizza. Last Friday, I ate 2 SLICES. In three minutes, I will FINALLY REVEAL how manâ€¦"
423,"RT @TwitchSuperZyn: HOSTING A $50 2v2 ZONEWARS TOURNAMENT

Friday 4/2 starting at 9PM EST

Like/rt/vouch

Must be following me &amp; 
@andweeezâ€¦"
424,@C1OUDYCHOSEN yes!  happy friday era OVER
425,RT @1carolinagirl: ğŸ”ªğŸ‰ğŸ˜ˆThat Friday Feeling! #HorrorFamilyğŸ˜ˆğŸ‰ğŸ”ª https://t.co/YWIKutYyDx
426,RT @dakotaz: happy friday gamers
427,RT @EnviroLogFire: Happy Friday!  Its time to enter our weekly #giveaway for 2 Enviro-Log Firelogs and a box of 8 Firestarters!  We are alsâ€¦
428,Fuck it ballet class at 8 pm on a Friday who fucking cares
429,RT @CynthiaSchwind: ğŸ‰ğŸ‰Friday Night Raffle ğŸ‰ğŸ‰Follow author @pbsharkey &amp; illustrator @wooskers_ &amp; retweet by 6pm 4/3 for a chance to win #ADoâ€¦
430,RT @MrAndyNgo: The man responsible for the deadly Good Friday Capitol Hill attack was a devout follower of Louis Farrakhan &amp; the black natiâ€¦
431,it's friday why are y'all bringing drama onto my tl ğŸ˜«
432,"RT @fnightd: Friday Night Death #143 with special guest Gary Butler - live stream - Twitch:
https://t.co/0pI3bQqahG"
433,RT @char_stokely: Friday night! Enjoy this free show at https://t.co/YFo36H8iW2 6-7pm PST @avnmedianetwork @avnmagazine @char_stokely httpsâ€¦
434,"""Pigeon Point quiet, we checked a number of beaches from Gros Islet right down to Roseau and those areas are quiet,â€¦ https://t.co/fmy1fCywQu"
435,"RT @TheStourbridge: Good morning and welcome for Fish For Tea Friday

There is no magic cure, no making it all go away forever instantaneouâ€¦"
436,Friday night wins..for FM United https://t.co/wwy3WbIOSe
437,RT @OSF_sisters: On Good Friday we journey with Jesus as we pray the Stations of the Cross. #GoodFriday https://t.co/ztV14HeTm9
438,"RT @j8ahmed: Sometimes we don't need words as much as we need a side by side comparison that highlights the differences.

TypeScript objectâ€¦"
439,@NAllison89 My mum changed when she was going to have for tea when she realised it was Good Friday and had an omeleâ€¦ https://t.co/ntAOVVnP9v
440,"Worship - Friday, April 2, 2021 https://t.co/JuVezMAE2c"
441,RT @MrAndyNgo: The man responsible for the deadly Good Friday Capitol Hill attack was a devout follower of Louis Farrakhan &amp; the black natiâ€¦
442,cool friday
443,RT @DangeRussWilson: GOOD FRIDAY!!!
444,I worked my second consecutive Friday at the pizzeria. Not one slice of pizza has been consumed
445,"RT @MsRonnyB: Why are fuckwits Scott &amp; Jenny Morrison broadcasting their ""Happy Easter"" message on Good Friday? Any REAL Christians would kâ€¦"
446,Ready to #MacGyver your Friday?
447,"RT @HogLfinance: What's up HOGLers! Lets celebrate Friday with a quick giveaway!
ğŸŸ¢ğŸŸ¢ğŸŸ¢
Iâ€™ll pick 3 BUYING TRANSACTIONSğŸ“ˆ that were made betweeâ€¦"
448,"RT @divorcereligion: For atheists, every Friday can be Good and nobody has to die."
449,RT @KB_HGA: Part of the Good Friday story is about how God would rather die than remember your sin anymore.  Thank you for your blood Jesusâ€¦
