,0
0,tweets
1,every
2,monday
3,open
4,sling
5,app
6,watch
7,raw
8,fx
9,either
10,air
11,winter
12,soldier
13,mi
14,fallout
15,happy
16,monday
17,y'all
18,ps5
19,social
20,discord
21,avatar
22,lurk
23,rt
24,nlvpd
25,officer
26,alexander
27,cuevas
28,say
29,crash
30,happen
31,around
32,10:40
33,monday
34,w
35,carey
36,avenue
37,n
38,mlk
39,boulevard
40,htâ
41,rt
42,monday
43,march
44,29th
45,2021
46,“
47,tony
48,get
49,fellow
50,milk
51,brethren
52,together
53,monday
54,lol
55,rt
56,wonderful
57,monday
58,book
59,#sweet
60,#cleanreads
61,#featuredbooks
62,moâ
63,rt
64,911
65,dispatcher
66,testifies
67,officer
68,pin
69,george
70,floyd
71,long
72,think
73,video
74,feed
75,freeze
76,instincts
77,weâ
78,rt
79,kpop
80,news
81,bts
82,star
83,special
84,talk
85,show
86,air
87,kbs
88,monday
89,night
90,ğÿœÿcheck
91,theâ
92,#kpopâ
93,news
94,today
95,lâ
96,rt
97,monday
98,motivation
99,rt
100,thousands
101,#myanmar
102,protester
103,take
104,street
105,monday
106,military
107,kill
108,14
109,civilian
110,follow
111,neâ
112,10
113,rt
114,210330
115,0:41-
116,42
117,n
118,bubble
119,n
120,hi
121,listen
122,miroh
123,monday
124,good
125,#straykids
126,#i_n
127,11
128,wild
129,nation
130,time
131,come
132,wenatchee
133,wild
134,hockey
135,booster
136,club
137,wwhbc
138,begin
139,accept
140,applicationsâ
141,12
142,relationship
143,series
144,helping
145,children
146,succeed
147,pm
148,monday
149,march
150,29
151,2021
152,13
153,rt
154,happy
155,fat
156,mae
157,monday
158,:p
159,14
160,live
161,rumor
162,mill
163,monday
164,send
165,message
166,streamer
167,play
168,thâ
169,15
170,rt
171,howdy
172,heart
173,jail
174,bail
175,last
176,thing
177,to-do
178,list
179,day
180,â€¦
181,16
182,rt
183,grwm
184,since
185,2017
186,candidate
187,fever
188,monday
189,blue
190,shy
191,boy
192,potential
193,debut
194,song
195,love
196,oh
197,love
198,candidate
199,withâ
200,17
201,get
202,friend
203,invite
204,bingo
205,monday
206,night
207,know
208,youâ
209,stress
210,af
211,œğÿ
212,°
213,18
214,nothing
215,like
216,tell
217,monday
218,afternoon
219,sonâ
220,father
221,thursday
222,oh
223,buy
224,dream
225,car
226,spite
227,„
228,19
229,rt
230,breaking
231,news
232,#keystonefire
233,shut
234,southwestern
235,south
236,dakota
237,monday
238,afternoon
239,#sdâ
240,20
241,rt
242,³
243,wow
244,rip
245,current
246,see
247,pensacola
248,beach
249,aerial
250,view
251,monday
252,morning
253,ğÿœš
254,weekend
255,93
256,peopleâ
257,21
258,rt
259,mutual
260,monday
261,go
262,beat
263,death
264,big
265,rock
266,22
267,rt
268,cuz
269,monday
270,§
271,¡
272,23
273,rt
274,like
275,tweet
276,100
277,winner
278,choose
279,60
280,minute
281,start
282,stream
283,tonight
284,weâ
285,giveaway
286,one
287,lucky
288,viewâ
289,24
290,rt
291,discrimination
292,trans
293,kid
294,œagainst
295,law
296,white
297,house
298,official
299,tell
300,panel
301,monday
302,comâ
303,25
304,rt
305,practice
306,3/29
307,4/4
308,monday
309,3/29-
310,folkstyle
311,age
312,6-7
313,30pm
314,tuesday
315,3/30-
316,freestyle
317,6:30-
318,8p
319,wednesday
320,3/31-
321,folkstyle
322,26
323,rt
324,productive
325,monday
326,27
327,rt
328,public
329,health
330,sudbury
331,districts
332,report
333,19
334,new
335,covid
336,19
337,case
338,monday
339,greater
340,sudbury
341,â€¦
342,28
343,happy
344,monday
345,good
346,luck
347,29
348,rt
349,breaking
350,news
351,new
352,york
353,must
354,immediately
355,begin
356,offer
357,covid
358,vaccine
359,incarcerate
360,people
361,stateâ
362,prison
363,jâ
364,30
365,like
366,surprise
367,last
368,night
369,tweet
370,open
371,pubâ
372,31
373,rt
374,©
375,athletic
376,shoe
377,maker
378,#nike
379,monday
380,sue
381,new
382,york-based
383,company
384,produce
385,satan
386,shoes
387,purport
388,contain
389,aâ
390,32
391,rt
392,andrade
393,say
394,ask
395,release
396,monday
397,late
398,test
399,postive
400,covid
401,19
402,time
403,charlotte
404,33
405,goodâ
406,34
407,rt
408,sunday
409,dinner
410,monday
411,garlic
412,mash
413,potato
414,collard
415,green
416,w
417,pork
418,neck
419,fry
420,chicken
421,35
422,sounds
423,like
424,monday
425,night
426,36
427,rt
428,meet
429,one
430,girl
431,monday
432,talk
433,day
434,next
435,want
436,pizza
437,chicago
438,weekend
439,fly
440,usâ
441,37
442,rt
443,meet
444,one
445,girl
446,monday
447,talk
448,day
449,next
450,want
451,pizza
452,chicago
453,weekend
454,fly
455,usâ
456,38
457,yessir
458,hope
459,monday
460,great
461,39
462,rt
463,nascar
464,executive
465,vp
466,steve
467,oâ
468,donnell
469,give
470,assessment
471,bristol
472,dirt
473,weekend
474,race
475,monday
476,â€¦
477,40
478,thank
479,u
480,happy
481,monday
482,41
483,rt
484,another
485,monday
486,another
487,sad
488,photo
489,maxx
490,april
491,21
492,maxx
493,care
494,one
495,year
496,let's
497,find
498,home
499,befoâ
500,42
501,rt
502,enjoy
503,monke
504,flip
505,fine
506,monke
507,monday
508,:)
509,43
510,rt
511,happy
512,monday
513,210326
514,#johnny
515,#ìÿˆë
516,‹
517,ˆâ
518,ã
519,‚
520,ãƒ
521,£
522,ãƒ
523,‹
524,ãƒ
525,¼
526,à
527,ˆà
528,­
529,à
530,«
531,à
532,¹
533,œà
534,à
535,à
536,µà
537,¹
538,ˆ
539,#johfam
540,#nct
541,44
542,use
543,§
544,want
545,motivation
546,monday
547,practice
548,thing
549,apply
550,playing
551,musical
552,context
553,fâ
554,45
555,rt
556,starting
557,monday
558,april
559,5th
560,bnc
561,welcome
562,black
563,news
564,tonight
565,marc
566,lamont
567,hill
568,new
569,prime
570,time
571,cable
572,news
573,line
574,wâ
575,46
576,rt
577,andrade
578,say
579,ask
580,release
581,monday
582,late
583,test
584,postive
585,covid
586,19
587,time
588,charlotte
589,47
590,rt
591,#myfavmonday
592,#nba
593,chi
594,1u
595,sas
596,-2.5
597,1u
598,monday's
599,momentum
600,ride
601,wavâ
602,48
603,rt
604,ğÿš
605,ğÿš
606,ğÿš
607,ğÿš
608,ğÿš
609,ğÿš
610,ğÿš
611,ğÿš
612,ğÿš
613,ğÿš
614,ğÿš
615,ğÿš
616,ğÿš
617,ğÿš
618,ğÿš
619,ğÿš
620,ğÿš
621,george
622,floyd
623,trial
624,begins
625,monday
626,george
627,floyd
628,trial
629,begins
630,monday
631,george
632,floyd
633,trialâ
634,49
635,rt
636,’
637,’
638,monday
639,night
640,patriot
641,follow
642,’
643,’
644,50
645,rt
646,like
647,tweet
648,100
649,winner
650,choose
651,60
652,minute
653,start
654,stream
655,tonight
656,weâ
657,giveaway
658,one
659,lucky
660,viewâ
661,51
662,week
663,economic
664,justice
665,monday
666,#plotting
667,w
668,crew
669,tuesday
670,launch
671,#ab1177
672,w
673,52
674,rt
675,president
676,trump
677,statement
678,monday
679,march
680,29
681,2021
682,53
683,rt
684,good
685,morning
686,dear
687,angela
688,thank
689,wish
690,kind
691,word
692,wish
693,wonderful
694,mondayâ
695,54
696,rt
697,happy
698,monday
699,friends
700,chilly
701,today
702,muddy
703,puddle
704,frozen
705,bummer
706,positive
707,note
708,donâ
709,55
710,dwan
711,9:29
712,pm
713,monday
714,56
715,rt
716,filter
717,happy
718,monday
719,57
720,monday
721,chiiillleee
722,58
723,rt
724,space
725,pikachu
726,victory
727,road
728,pokemon
729,xenoverse
730,nuzlocke
731,ep26
732,start
733,monday
734,right
735,way
736,hâ
737,59
738,rt
739,meet
740,one
741,girl
742,monday
743,talk
744,day
745,next
746,want
747,pizza
748,chicago
749,weekend
750,fly
751,usâ
752,60
753,rt
754,happy
755,monday
756,wren
757,big
758,song
759,little
760,bird
761,#birds
762,#photography
763,61
764,know
765,cliche
766,today
767,definitely
768,mondayest
769,monday
770,ever
771,•
772,62
773,rt
774,like
775,tweet
776,100
777,winner
778,choose
779,60
780,minute
781,start
782,stream
783,tonight
784,weâ
785,giveaway
786,one
787,lucky
788,viewâ
789,63
790,rt
791,210329
792,18:10
793,changbin
794,bubble
795,hii
796,what're
797,hard
798,time
799,since
800,monday
801,ã
802,…
803,œ
804,#straykids
805,#changâ
806,64
807,laziest
808,comfy
809,monday
810,iâ
811,š
812,65
813,rt
814,filter
815,happy
816,monday
817,66
818,rt
819,breaking
820,racist
821,anti-science
822,georgia
823,governor
824,brian
825,kemp
826,quarantine
827,recent
828,exposure
829,individual
830,whoâ
831,67
832,magret
833,de
834,canard
835,roast
836,turmeric
837,cauliflower
838,duck
839,fat
840,potato
841,wine
842,orange
843,honey
844,sauce
845,notâ
846,68
847,rt
848,monday
849,holy
850,week
851,remember
852,morning
853,prayer
854,front
855,st
856,anthony's
857,tomb
858,mass
859,69
860,rt
861,filter
862,happy
863,monday
864,70
865,rt
866,andrea
867,w
868,designs
869,blog
870,monday
871,twitter
872,tree
873,host
874,christie
875,cottage
876,â€¦
877,71
878,monday
879,night
880,training
881,#bshift
882,72
883,mondayâ
884,leg
885,meat
886,–
887,73
888,sprain
889,ankle
890,work
891,today
892,..
893,how's
894,monday
895,74
896,rt
897,another
898,monday
899,another
900,sad
901,photo
902,maxx
903,april
904,21
905,maxx
906,care
907,one
908,year
909,let's
910,find
911,home
912,befoâ
913,75
914,rt
915,mondayâ
916,#raw
917,’
918,œ
919,76
920,rt
921,another
922,monday
923,77
924,many
925,people
926,store
927,monday
928,night
929,man
930,78
931,one
932,hour
933,til
934,candle
935,making
936,monday
937,:d
938,see
939,y'all
940,soon
941,79
942,rt
943,typical
944,monday
945,pd
946,see
947,one
948,incoming
949,resident
950,feature
951,¯
952,#thefuturâ
953,80
954,rt
955,filter
956,happy
957,monday
958,81
959,love
960,explore
961,connect
962,nature
963,watch
964,duck
965,look
966,food
967,water
968,unfortunatâ
969,82
970,rt
971,thai
972,authority
973,force
974,thousand
975,refugee
976,flee
977,air
978,attack
979,army
980,neighbour
981,myanmar
982,return
983,souâ
984,83
985,rt
986,³
987,ğÿœˆ
988,#breaking
989,#arkansas
990,lawmaker
991,pass
992,measure
993,monday
994,could
995,make
996,state
997,1st
998,country
999,prevâ
1000,84
1001,rt
1002,cuz
1003,monday
1004,§
1005,¡
1006,85
1007,golden
1008,west
1009,collegeâ
1010,spring
1011,break
1012,week
1013,class
1014,hold
1015,gwcâ
1016,office
1017,open
1018,monday
1019,thâ
1020,86
1021,happy
1022,monday
1023,spend
1024,last
1025,pm
1026,prepping
1027,art
1028,material
1029,next
1030,week's
1031,art
1032,class
1033,4/6
1034,4/8
1035,9-11
1036,5-7
1037,pmâ
1038,87
1039,comfy
1040,stream
1041,monday
1042,stardew
1043,valley
1044,i've
1045,never
1046,play
1047,beâ
1048,88
1049,rt
1050,friday
1051,april
1052,next
1053,monday
1054,april
1055,remain
1056,inclement
1057,weather
1058,day
1059,student
1060,campus
1061,staff
1062,thesâ
1063,89
1064,beautiful
1065,word
1066,tina
1067,great
1068,monday
1069,90
1070,rt
1071,meet
1072,one
1073,girl
1074,monday
1075,talk
1076,day
1077,next
1078,want
1079,pizza
1080,chicago
1081,weekend
1082,fly
1083,usâ
1084,91
1085,rt
1086,happy
1087,monday
1088,pokã
1089,©
1090,mon
1091,trainers
1092,game
1093,would
1094,like
1095,experience
1096,first
1097,time
1098,let
1099,us
1100,know
1101,#pokemonâ
1102,92
1103,rt
1104,young
1105,man
1106,miss
1107,kensal
1108,road
1109,ladbrooke
1110,grove
1111,area
1112,since
1113,monday
1114,please
1115,share
1116,93
1117,monday
1118,funday
1119,94
1120,rt
1121,happy
1122,monday
1123,‚
1124,¬
1125,‚
1126,š
1127,95
1128,absolutely
1129,love
1130,boogie
1131,squad
1132,community
1133,l
1134,motor
1135,monday
1136,l
1137,350
1138,l
1139,command
1140,l
1141,#boogie
1142,bros
1143,96
1144,rt
1145,cuz
1146,monday
1147,§
1148,¡
1149,97
1150,melody
1151,monday
1152,let's
1153,gooooo
1154,#twitch
1155,#twitchaffiliate
1156,#vocalhavenâ
1157,98
1158,rt
1159,meet
1160,one
1161,girl
1162,monday
1163,talk
1164,day
1165,next
1166,want
1167,pizza
1168,chicago
1169,weekend
1170,fly
1171,usâ
1172,99
1173,rt
1174,911
1175,dispatcher
1176,testifies
1177,officer
1178,pin
1179,george
1180,floyd
1181,long
1182,think
1183,video
1184,feed
1185,freeze
1186,instincts
1187,weâ
1188,100
1189,rt
1190,monday
1191,stack
1192,sale
1193,lot
1194,11
1195,0.50
1196,1-4
1197,card
1198,pwe
1199,card
1200,bmwt
1201,https://â€¦
1202,101
1203,rt
1204,money
1205,makin
1206,monday
1207,102
1208,rt
1209,mounting
1210,tension
1211,three
1212,compete
1213,casino
1214,proposal
1215,richmond
1216,boil
1217,monday
1218,ahead
1219,three
1220,community
1221,meeting
1222,schedâ
1223,103
1224,rt
1225,#todayinhistory
1226,#monday
1227,#staysafe
1228,1975
1229,“
1230,instrumentalâ
1231,#blowbyblow
1232,debut
1233,studio
1234,album
1235,jeff
1236,beck
1237,release
1238,104
1239,rt
1240,«
1241,jazz
1242,monday
1243,«
1244,andreasrohdin
1245,mrgamer
1246,song
1247,jazz
1248,party
1249,#andreasrohdin
1250,mrgamâ
1251,105
1252,rt
1253,richard
1254,okorogheye
1255,19
1256,miss
1257,home
1258,ladborke
1259,grove
1260,since
1261,monday
1262,march
1263,22
1264,tell
1265,mum
1266,wâ
1267,106
1268,rt
1269,today
1270,try
1271,stress
1272,thing
1273,control
1274,enjoy
1275,monday
1276,love
1277,light
1278,xoxoğÿ
1279,—
1280,‘
1281,‘
1282,â€¦
1283,107
1284,rt
1285,¡
1286,hi
1287,friend
1288,last
1289,three
1290,item
1291,friday
1292,update
1293,id
1294,love
1295,find
1296,forever
1297,home
1298,¡
1299,âœ
1300,râ
1301,108
1302,rt
1303,cuz
1304,monday
1305,§
1306,¡
1307,109
1308,rt
1309,judge
1310,rule
1311,monday
1312,new
1313,york
1314,must
1315,offer
1316,vaccination
1317,incarcerate
1318,state's
1319,prison
1320,jail
1321,saiâ
1322,110
1323,i'm
1324,listen
1325,monday
1326,rocks
1327,totally
1328,badass
1329,live
1330,radio
1331,111
1332,rt
1333,monday
1334,29th
1335,march
1336,2021
1337,participate
1338,œfocus
1339,africa
1340,2023â
1341,conference
1342,hold
1343,madrid
1344,spain
1345,1/4
1346,https://â€¦
1347,112
1348,pistons
1349,start
1350,lee
1351,ellington
1352,bey
1353,grant
1354,plumlee
1355,monday
1356,113
1357,rt
1358,iâ
1359,get
1360,helicopter
1361,yoga
1362,stretch
1363,hang
1364,undercarriage
1365,howâ
1366,monday
1367,go
1368,â€¦
1369,114
1370,rt
1371,saw
1372,instagram
1373,iâ
1374,share
1375,19
1376,year
1377,old
1378,richard
1379,okorogheye
1380,miss
1381,since
1382,monday
1383,115
1384,rt
1385,connecticut
1386,supreme
1387,court
1388,issue
1389,unanimous
1390,opinion
1391,monday
1392,provide
1393,legal
1394,rationale
1395,behind
1396,terse
1397,order
1398,releasedâ
1399,116
1400,issa
1401,monday
1402,·
1403,»
1404,‚
1405,least
1406,almost
1407,©
1408,117
1409,monday
1410,le
1411,118
1412,rt
1413,like
1414,tweet
1415,100
1416,winner
1417,choose
1418,60
1419,minute
1420,start
1421,stream
1422,tonight
1423,weâ
1424,giveaway
1425,one
1426,lucky
1427,viewâ
1428,119
1429,ready
1430,monday
1431,night
1432,raw
1433,#wweraw
1434,120
1435,rt
1436,monday
1437,stack
1438,sale
1439,lot
1440,10
1441,0.50
1442,1-4
1443,card
1444,pwe
1445,card
1446,bmwt
1447,https://â€¦
1448,121
1449,wwe
1450,monday
1451,night
1452,raw
1453,results
1454,march
1455,29
1456,2021
1457,122
1458,rt
1459,°
1460,great
1461,monday
1462,morningğÿ
1463,°
1464,others
1465,never
1466,leave
1467,urself
1468,behind
1469,dodâ
1470,123
1471,rt
1472,cannot
1473,work
1474,due
1475,severe
1476,mental
1477,illness
1478,live
1479,310
1480,week
1481,month
1482,wait
1483,list
1484,psycâ
1485,124
1486,rt
1487,mondayâ
1488,education
1489,“
1490,š
1491,gentlemen
1492,crypto
1493,“
1494,º
1495,10am
1496,et
1497,youtube
1498,´
1499,daily
1500,news
1501,show
1502,black
1503,bitcoin
1504,billionaireâ
1505,125
1506,rt
1507,210330
1508,0:41-
1509,42
1510,n
1511,bubble
1512,n
1513,hi
1514,listen
1515,miroh
1516,monday
1517,good
1518,#straykids
1519,#i_n
1520,126
1521,monday
1522,want
1523,see
1524,tit
1525,gotta
1526,wait
1527,tomorrow
1528,127
1529,rt
1530,good
1531,morning
1532,friendsğÿ
1533,’
1534,—
1535,•
1536,nice
1537,monday
1538,happy
1539,new
1540,week
1541,everyone
1542,ğÿœ
1543,²
1544,ğÿœ
1545,²
1546,#photography
1547,#natur
1548,#forest
1549,#sunshine
1550,forestâ
1551,128
1552,129
1553,rt
1554,swimmers
1555,pool
1556,southeast
1557,london
1558,say
1559,extremely
1560,happy
1561,able
1562,something
1563,love
1564,stâ
1565,130
1566,well
1567,home
1568,town
1569,heroes
1570,see
1571,complaint
1572,free
1573,#doughnuts
1574,raise
1575,additional
1576,fâ
1577,131
1578,rt
1579,#saturdayishere
1580,let's
1581,#caption
1582,photograph
1583,best
1584,caption
1585,get
1586,retweet
1587,monday
1588,evening
1589,#canyoureadmymind
1590,#inâ
1591,132
1592,rt
1593,moderna
1594,inc
1595,say
1596,monday
1597,ship
1598,100
1599,million
1600,dos
1601,covid
1602,19
1603,vaccine
1604,united
1605,states
1606,88
1607,mâ
1608,133
1609,thanks
1610,share
1611,great
1612,virtual
1613,book
1614,talk
1615,thorougâ
1616,134
1617,rt
1618,monday
1619,join
1620,us
1621,tonight
1622,6pm
1623,pst
1624,hu
1625,tlengrind
1626,amaze
1627,host
1628,picâ
1629,135
1630,one
1631,week
1632,today
1633,begin
1634,runner
1635,jumper
1636,thrower
1637,experienced
1638,athlete
1639,new
1640,athlete
1641,evâ
1642,136
1643,rt
1644,filter
1645,happy
1646,monday
1647,137
1648,rt
1649,lara
1650,trump
1651,join
1652,cable
1653,channel
1654,pay
1655,on-air
1656,contributor
1657,network
1658,announce
1659,monday
1660,â€¦
1661,138
1662,rt
1663,filter
1664,happy
1665,monday
1666,139
1667,rt
1668,happy
1669,monday
1670,hope
1671,week
1672,beautiful
1673,flawless
1674,like
1675,âœ
1676,140
1677,rt
1678,happy
1679,headpats
1680,bless
1681,timeline
1682,hope
1683,good
1684,monday
1685,great
1686,job
1687,deserveâ
1688,141
1689,rt
1690,monday
1691,mantra
1692,œğÿ
1693,¼
1694,âœ
1695,’
1696,«
1697,#whatcomesaroundgoesaround
1698,142
1699,rt
1700,morgan
1701,burnett
1702,interception
1703,return
1704,td
1705,clinch
1706,packers
1707,berth
1708,super
1709,bowl
1710,xlix
1711,retire
1712,mondaâ
1713,143
1714,rt
1715,parents
1716,concern
1717,help
1718,child
1719,œnew
1720,mathâ
1721,soon
1722,panic
1723,know
1724,nothing
1725,7yoâ
1726,144
1727,volcanic
1728,eruption
1729,iceland
1730,live
1731,monday
1732,29th
1733,via
1734,145
1735,rt
1736,monday
1737,figure
1738,photo
1739,shoot
1740,featuring
1741,new
1742,#wwe
1743,#wrestlingfigures
1744,#figphotography
1745,#livmorgan
1746,http
1747,146
1748,rt
1749,happy
1750,monday
1751,get
1752,home
1753,windy
1754,12
1755,hour
1756,shift
1757,mess
1758,shit
1759,long
1760,day
1761,get
1762,long
1763,pâ
1764,147
1765,rt
1766,monday
1767,motivation
1768,rise
1769,bella
1770,shmurda
1771,¢
1772,released
1773,one
1774,best
1775,eps
1776,2020
1777,high
1778,tension
1779,‡
1780,¢
1781,dropped
1782,one
1783,ofâ
1784,148
1785,florida
1786,georgia
1787,soccer
1788,play
1789,1-1
1790,double
1791,overtime
1792,tie
1793,monday
1794,afternoon
1795,atlanta
1796,soccer
1797,park
1798,149
1799,rt
1800,filter
1801,happy
1802,monday
1803,150
1804,rt
1805,thanks
1806,hunt
1807,tonight
1808,everyone
1809,see
1810,monday
1811,151
1812,cool
1813,calm
1814,monday
1815,152
1816,rt
1817,nothing
1818,get
1819,monday
1820,go
1821,like
1822,75
1823,thousand
1824,dollar
1825,bet
1826,baylor
1827,lady
1828,bears
1829,153
1830,rt
1831,breaking
1832,georgia
1833,gov
1834,brian
1835,kemp
1836,r
1837,quarantine
1838,recent
1839,exposure
1840,individual
1841,test
1842,positive
1843,covâ
1844,154
1845,dang
1846,monday
1847,subcount
1848,raze
1849,lurk
1850,prime
1851,social
1852,giveaway
1853,155
1854,rt
1855,monday
1856,stack
1857,sale
1858,lot
1859,0.50
1860,1-4
1861,card
1862,pwe
1863,card
1864,bmwt
1865,â€¦
1866,156
1867,little
1868,radiology
1869,humor
1870,start
1871,week
1872,smile
1873,monday
1874,everyone
1875,§
1876,¡
1877,#tgimâ
1878,157
1879,hello
1880,mondayâœ
1881,158
1882,rt
1883,filter
1884,happy
1885,monday
1886,159
1887,elon
1888,say
1889,immediately
1890,would
1891,try
1892,monday
1893,tweet
1894,afternoon
1895,26th
1896,call
1897,shenanigan
1898,160
1899,walking
1900,around
1901,place
1902,mutter
1903,#isles
1904,period
1905,scream
1906,tv
1907,like
1908,rave
1909,lunatâ
1910,161
1911,one
1912,want
1913,watch
1914,bulletproof
1915,monday
1916,bring
1917,back
1918,american
1919,162
1920,rt
1921,every
1922,monday
1923,morning
1924,163
1925,rt
1926,watch
1927,throw
1928,’
1929,monday
1930,nine
1931,strikeout
1932,two
1933,hit
1934,allow
1935,shutout
1936,begin
1937,varsitâ
1938,164
1939,rt
1940,mondayâ
1941,#raw
1942,’
1943,œ
1944,165
1945,rt
1946,911
1947,dispatcher
1948,testifies
1949,officer
1950,pin
1951,george
1952,floyd
1953,long
1954,think
1955,video
1956,feed
1957,freeze
1958,instincts
1959,weâ
1960,166
1961,kings
1962,start
1963,fox
1964,haliburton
1965,hield
1966,barnes
1967,holmes
1968,monday
1969,167
1970,rt
1971,finally
1972,time
1973,love
1974,kehasuk
1975,build
1976,ground
1977,rt
1978,post
1979,11:59
1980,pm
1981,monday
1982,3/29
1983,chance
1984,toâ
1985,168
1986,monday
1987,night
1988,dust
1989,bunny
1990,replace
1991,cahaba
1992,pale
1993,ale
1994,169
1995,rt
1996,meet
1997,one
1998,girl
1999,monday
2000,talk
2001,day
2002,next
2003,want
2004,pizza
2005,chicago
2006,weekend
2007,fly
2008,usâ
2009,170
2010,rt
2011,rolling
2012,stones
2013,gimme
2014,shelter
2015,vietnam
2016,footage
2017,via
2018,good
2019,morning
2020,happy
2021,monday
2022,171
2023,adult
2024,eligible
2025,receive
2026,covid
2027,19
2028,vaccine
2029,texas
2030,today
2031,monday
2032,march
2033,29
2034,172
2035,rt
2036,live
2037,make
2038,though
2039,monday
2040,come
2041,hang
2042,get
2043,late
2044,#gaming
2045,#eâ
2046,173
2047,rt
2048,thanks
2049,fierce
2050,fight
2051,budget
2052,justice
2053,œthis
2054,last
2055,hour
2056,weâ
2057,get
2058,hold
2059,line
2060,make
2061,sure
2062,geâ
2063,174
2064,rt
2065,monday
2066,unscheduled
2067,visit
2068,president
2069,biden
2070,first
2071,lady
2072,dr
2073,jill
2074,biden
2075,go
2076,vietnam
2077,veterans
2078,memorialâ
2079,175
2080,rt
2081,meet
2082,one
2083,girl
2084,monday
2085,talk
2086,day
2087,next
2088,want
2089,pizza
2090,chicago
2091,weekend
2092,fly
2093,usâ
2094,176
2095,rt
2096,anyone
2097,“
2098,œforğÿ
2099,“
2100,œ
2101,comment
2102,also
2103,follow
2104,back
2105,—
2106,’
2107,manifesting
2108,sale
2109,mondayğÿ
2110,’
2111,177
2112,maybe
2113,monday
2114,collateral
2115,gamage
2116,professional
2117,punning
2118,discord
2119,178
2120,rt
2121,natural
2122,monday
2123,relax
2124,œ
2125,179
2126,rt
2127,monday
2128,morning
2129,vibe
2130,fabled
2131,woods
2132,#rtxon
2133,ğÿœ
2134,²
2135,180
2136,rt
2137,monday
2138,join
2139,us
2140,tonight
2141,6pm
2142,pst
2143,hu
2144,tlengrind
2145,amaze
2146,host
2147,picâ
2148,181
2149,rt
2150,monday
2151,stack
2152,sale
2153,lot
2154,0.50
2155,1-4
2156,card
2157,pwe
2158,card
2159,bmwt
2160,â€¦
2161,182
2162,rt
2163,arena
2164,kings
2165,monday
2166,we're
2167,make
2168,push
2169,700
2170,elo
2171,blitz
2172,come
2173,chill
2174,groove
2175,smooth
2176,move
2177,staâ
2178,183
2179,day
2180,pokemon
2181,chibi
2182,fantasy
2183,live
2184,truck
2185,mean
2186,live
2187,twitch...tv/soloxorcist7
2188,happy
2189,monday
2190,184
2191,monday
2192,work
2193,week
2194,already
2195,hit
2196,like
2197,truck
2198,idk
2199,much
2200,long
2201,185
2202,rt
2203,tl
2204,ordinary
2205,monday
2206,fandom
2207,day
2208,week
2209,ordinary
2210,fandom
2211,#canyaman
2212,‘
2213,‘
2214,â€¦
2215,186
2216,rt
2217,happy
2218,fat
2219,mae
2220,monday
2221,:p
2222,187
2223,first
2224,broadcast
2225,enhypen's
2226,night
2227,nippon
2228,x
2229,cross
2230,thank
2231,tune
2232,engenes
2233,go
2234,see
2235,againâ
2236,188
2237,second
2238,time
2239,keep
2240,think
2241,tuesday
2242,clearly
2243,monday
2244,idk
2245,keep
2246,happen
2247,189
2248,rt
2249,call
2250,ya
2251,monday
2252,motivation
2253,call
2254,#bootyboxing
2255,thing
2256,flow
2257,mind
2258,zi
2259,bâ
2260,190
2261,rt
2262,monday
2263,ur
2264,3rd
2265,iced
2266,coffee
2267,good
2268,thing
2269,ur
2270,hype
2271,cause
2272,#americanidol
2273,tonight
2274,â€¦
2275,191
2276,mavs
2277,start
2278,doncic
2279,richardson
2280,finney-smith
2281,kleber
2282,porzingis
2283,monday
2284,192
2285,rt
2286,monday
2287,march
2288,29th
2289,global
2290,covid
2291,19
2292,status
2293,ğÿœ
2294,world
2295,ğÿœ
2296,weekly
2297,cases
2298,per
2299,capita
2300,growth
2301,percentage
2302,­
2303,­
2304,â€¦
2305,193
2306,rt
2307,canâ
2308,donate
2309,actual
2310,easter
2311,egg
2312,year
2313,howâ
2314,donate
2315,penny
2316,youâ
2317,normally
2318,spend
2319,194
2320,rt
2321,never
2322,miss
2323,monday
2324,like
2325,kylie
2326,jenner
2327,say
2328,195
2329,rt
2330,channel
2331,radio
2332,song
2333,week
2334,starting
2335,tonight
2336,monday
2337,9pm
2338,pht
2339,9am
2340,sunday
2341,pht
2342,¹
2343,vote
2344,sb19
2345,¹
2346,vote
2347,day
2348,acct
2349,196
2350,dissasociating
2351,make
2352,thru
2353,monday
2354,double
2355,almost
2356,unaliving
2357,shit
2358,show
2359,sunday
2360,197
2361,easter
2362,sale
2363,°
2364,pay
2365,sub
2366,fee
2367,everything
2368,page
2369,mass
2370,message
2371,charge
2372,photo
2373,forâ
2374,198
2375,least
2376,monday
2377,199
2378,rt
2379,canadian
2380,authority
2381,recommend
2382,monday
2383,halt
2384,administer
2385,theâ
2386,astrazenecaâ
2387,plc
2388,covid
2389,19
2390,vaccine
2391,people
2392,agâ
2393,200
2394,rt
2395,ğÿš
2396,¢
2397,ever
2398,given
2399,afloat
2400,partially
2401,free
2402,early
2403,monday
2404,estimate
2405,blockage
2406,costsâ
2407,201
2408,thunderstorm
2409,monday
2410,night
2411,live
2412,feature
2413,ellejai
2414,202
2415,rt
2416,live
2417,make
2418,though
2419,monday
2420,come
2421,hang
2422,get
2423,late
2424,#gaming
2425,#eâ
2426,203
2427,monday
2428,blue
2429,’
2430,•
2431,’
2432,•
2433,204
2434,rt
2435,province
2436,make
2437,monday
2438,afternoon
2439,announcement
2440,middlesex-london
2441,would
2442,enter
2443,back
2444,red-control-zone
2445,tuesdaâ
2446,205
2447,monday
2448,report
2449,335
2450,new
2451,case
2452,new
2453,death
2454,total
2455,"179,763"
2456,case
2457,"1,957"
2458,death
2459,today
2460,idahoâ
2461,206
2462,rt
2463,everything
2464,go
2465,fine
2466,monday
2467,come
2468,ruin
2469,207
2470,rt
2471,happy
2472,monday
2473,spring
2474,sure
2475,gorgeous
2476,day
2477,install
2478,great-looking
2479,q
2480,cell
2481,duo
2482,black
2483,solar
2484,panel
2485,208
2486,bolin
2487,alley
2488,monday
2489,night
2490,raw
2491,live
2492,stream
2493,watch
2494,long
2495,209
2496,rt
2497,meet
2498,one
2499,girl
2500,monday
2501,talk
2502,day
2503,next
2504,want
2505,pizza
2506,chicago
2507,weekend
2508,fly
2509,usâ
2510,210
2511,rt
2512,monday
2513,march
2514,29th
2515,ontario
2516,regional
2517,covid
2518,19
2519,breakdown
2520,‘
2521,¶
2522,‘
2523,´
2524,age
2525,distribution
2526,breakdown
2527,‘
2528,µğÿ
2529,‘
2530,monthly
2531,death
2532,projectionâ
2533,211
2534,rt
2535,nice
2536,monday
2537,212
2538,rt
2539,monday
2540,action
2541,movie
2542,#livetweet
2543,return
2544,man
2545,uncle
2546,1983
2547,begin
2548,8p
2549,et
2550,hosted
2551,foâ
2552,213
2553,rt
2554,eligibility
2555,matter
2556,long
2557,age
2558,16
2559,old
2560,live
2561,work
2562,county
2563,214
2564,hope
2565,fantastic
2566,monday
2567,blakeğÿ
2568,–
2569,215
2570,inspirational
2571,moment
2572,216
2573,rt
2574,filter
2575,happy
2576,monday
2577,217
2578,mean
2579,tryna
2580,skip
2581,school
2582,monday
2583,come
2584,play
2585,wonâ
2586,tell
2587,nobody
2588,£
2589,218
2590,rt
2591,like
2592,tweet
2593,100
2594,winner
2595,choose
2596,60
2597,minute
2598,start
2599,stream
2600,tonight
2601,weâ
2602,giveaway
2603,one
2604,lucky
2605,viewâ
2606,219
2607,rt
2608,saw
2609,instagram
2610,iâ
2611,share
2612,19
2613,year
2614,old
2615,richard
2616,okorogheye
2617,miss
2618,since
2619,monday
2620,220
2621,rt
2622,young
2623,man
2624,miss
2625,kensal
2626,road
2627,ladbrooke
2628,grove
2629,area
2630,since
2631,monday
2632,please
2633,share
2634,221
2635,rt
2636,monday
2637,march
2638,29th
2639,ontario
2640,regional
2641,covid
2642,19
2643,risk
2644,assessment
2645,âš
2646,risk
2647,assessment
2648,âš
2649,«
2650,schools
2651,š
2652,gatherings
2653,­
2654,­
2655,httpâ
2656,222
2657,monday
2658,fun
2659,day
2660,¾
2661,223
2662,rt
2663,u
2664,would
2665,generate
2666,enough
2667,clean
2668,electricity
2669,power
2670,10
2671,million
2672,home
2673,plan
2674,biden
2675,administration
2676,announceâ
2677,224
2678,rt
2679,hold
2680,well
2681,attend
2682,lively
2683,forum
2684,monday
2685,pm
2686,attend
2687,resident
2688,councillor
2689,225
2690,rt
2691,happy
2692,monday
2693,we've
2694,partner
2695,giveaway
2696,could
2697,win
2698,limited
2699,edition
2700,jurassic
2701,parâ
2702,226
2703,ask
2704,monday
2705,227
2706,face
2707,id
2708,bitch
2709,sing
2710,sunshine
2711,deny
2712,stupid
2713,staff
2714,application
2715,bad
2716,sayiâ
2717,228
2718,another
2719,monday
2720,march
2721,29
2722,2021
2723,04:59
2724,pm
2725,visit
2726,chamchans
2727,watch
2728,kdramas
2729,229
2730,rt
2731,dear
2732,govt
2733,go
2734,help
2735,poor
2736,teacher
2737,family
2738,#batley
2739,worrâ
2740,230
2741,rt
2742,mac
2743,miller
2744,monday
2745,–
2746,231
2747,monday
2748,03/29
2749,21
2750,draw
2751,number
2752,119094
2753,232
2754,rt
2755,judge
2756,rule
2757,monday
2758,new
2759,york
2760,must
2761,offer
2762,vaccination
2763,incarcerate
2764,state's
2765,prison
2766,jail
2767,saiâ
2768,233
2769,easter
2770,sale
2771,°
2772,pay
2773,sub
2774,fee
2775,everything
2776,page
2777,mass
2778,message
2779,charge
2780,photosâ
2781,234
2782,monday
2783,235
2784,prefer
2785,shade
2786,palm
2787,trees
2788,ğÿœ
2789,´
2790,warm
2791,breeze
2792,¢
2793,#vibekingğÿ
2794,´
2795,½
2796,#justvibeâš
2797,¡
2798,#sanjuan
2799,#puertoricoğÿ
2800,‡
2801,µğÿ
2802,‡
2803,·
2804,#monday
2805,@â
2806,236
2807,rt
2808,monday
2809,march
2810,29th
2811,canadian
2812,vaccine
2813,tracker
2814,‡
2815,‡
2816,national
2817,provincial
2818,‡
2819,‡
2820,’
2821,vaccination
2822,rates
2823,ğÿššâ
2824,†
2825,’
2826,§
2827,šâ
2828,†
2829,’
2830,’
2831,œgap
2832,trackerâ
2833,­
2834,­
2835,237
2836,rt
2837,monday
2838,stack
2839,sale
2840,lot
2841,0.50
2842,1-4
2843,card
2844,pwe
2845,card
2846,bmwt
2847,â€¦
2848,238
2849,rt
2850,today
2851,try
2852,stress
2853,thing
2854,control
2855,enjoy
2856,monday
2857,love
2858,light
2859,xoxoğÿ
2860,—
2861,‘
2862,‘
2863,â€¦
2864,239
2865,messy
2866,hair
2867,mondayâ
2868,bath
2869,night
2870,’
2871,“
2872,240
2873,wow
2874,ny
2875,vaccine
2876,progress
2877,wing
2878,come
2879,perfectly
2880,black
2881,mets
2882,jersey
2883,hard-to-find
2884,beer
2885,finally
2886,back
2887,mâ
2888,241
2889,rt
2890,basically
2891,radio
2892,show
2893,enhypen
2894,air
2895,every
2896,monday
2897,exact
2898,time
2899,hour
2900,ni-ki's
2901,go
2902,aâ
2903,242
2904,rt
2905,“
2906,photo
2907,210329
2908,iz
2909,one
2910,official
2911,instagram
2912,update
2913,monday
2914,fairy
2915,wonyoung
2916,—
2917,#izone
2918,ì
2919,•
2920,„
2921,ì
2922,´
2923,ì
2924,ˆì
2925,›
2926,243
2927,rt
2928,live
2929,make
2930,though
2931,monday
2932,come
2933,hang
2934,get
2935,late
2936,#gaming
2937,#eâ
2938,244
2939,rt
2940,hey
2941,everyone
2942,monday
2943,night
2944,mean
2945,let's
2946,play
2947,monday
2948,we're
2949,gonna
2950,start
2951,little
2952,early
2953,today
2954,want
2955,playâ
2956,245
2957,rt
2958,news
2959,ghislaine
2960,maxwell
2961,charge
2962,monday
2963,first
2964,time
2965,sex-trafficking
2966,minor
2967,federal
2968,prosecutor
2969,accuseâ
2970,246
2971,rt
2972,like
2973,tweet
2974,100
2975,winner
2976,choose
2977,60
2978,minute
2979,start
2980,stream
2981,tonight
2982,weâ
2983,giveaway
2984,one
2985,lucky
2986,viewâ
2987,247
2988,rt
2989,basically
2990,radio
2991,show
2992,enhypen
2993,air
2994,every
2995,monday
2996,exact
2997,time
2998,hour
2999,ni-ki's
3000,go
3001,aâ
3002,248
3003,monday
3004,jam
3005,midnight
3006,midnight
3007,mickey
3008,baker
3009,#blues
3010,249
3011,monday
3012,join
3013,us
3014,tonight
3015,6pm
3016,pst
3017,hu
3018,tlengrind
3019,amazing
3020,hostâ
3021,250
3022,rt
3023,here's
3024,cure
3025,monday
3026,blues
3027,peach
3028,flavor
3029,‚
3030,‘
3031,rt
3032,make
3033,day
3034,good
3035,need
3036,strong
3037,dosâ
3038,251
3039,rt
3040,happy
3041,monday
3042,loves
3043,252
3044,next
3045,monday
3046,night
3047,see
3048,everyone
3049,back
3050,12th
3051,guest
3052,moderatesâ
3053,253
3054,fourteen
3055,different
3056,player
3057,score
3058,goal
3059,15
3060,least
3061,one
3062,point
3063,post
3064,21-9
3065,roadâ
3066,254
3067,rt
3068,meet
3069,one
3070,girl
3071,monday
3072,talk
3073,day
3074,next
3075,want
3076,pizza
3077,chicago
3078,weekend
3079,fly
3080,usâ
3081,255
3082,256
3083,arvada
3084,rocks
3085,radio
3086,monday
3087,nights
3088,lew
3089,257
3090,rt
3091,filter
3092,happy
3093,monday
3094,258
3095,rt
3096,monday
3097,call
3098,sb187
3099,sb320
3100,tuesday
3101,keep
3102,call
3103,senate
3104,commerce
3105,labor
3106,committee
3107,meet
3108,1pm
3109,vote
3110,sâ
3111,259
3112,rt
3113,monday
3114,know
3115,mean
3116,fraktured
3117,road
3118,time
3119,sylvania
3120,square
3121,5pm
3122,sâ
3123,260
3124,new
3125,tonight
3126,tennessee's
3127,permitless
3128,carry
3129,handgun
3130,bill
3131,back
3132,gov
3133,bill
3134,lee
3135,pass
3136,house
3137,64-29
3138,monday
3139,neâ
3140,261
3141,easter
3142,sale
3143,°
3144,pay
3145,sub
3146,fee
3147,everything
3148,page
3149,mass
3150,message
3151,charge
3152,photo
3153,forâ
3154,262
3155,rt
3156,andrea
3157,w
3158,designs
3159,blog
3160,monday
3161,twitter
3162,tree
3163,host
3164,christie
3165,cottage
3166,â€¦
3167,263
3168,rt
3169,dew
3170,time
3171,monday
3172,night
3173,vmr
3174,let's
3175,rock
3176,roll
3177,baby
3178,ready
3179,start
3180,week
3181,right
3182,new
3183,wrestler
3184,âœ
3185,264
3186,rt
3187,‡
3188,°
3189,‡
3190,¬
3191,#kyrgyzstan
3192,monday
3193,start
3194,inoculate
3195,population
3196,#covid19
3197,vaccine
3198,donate
3199,#china
3200,minister
3201,healthâ
3202,265
3203,rt
3204,20
3205,year
3206,ago
3207,today
3208,#wcw
3209,monday
3210,#nitro
3211,#springbreak
3212,266
3213,rt
3214,267
3215,rt
3216,©
3217,athletic
3218,shoe
3219,maker
3220,#nike
3221,monday
3222,sue
3223,new
3224,york-based
3225,company
3226,produce
3227,satan
3228,shoes
3229,purport
3230,contain
3231,aâ
3232,268
3233,rt
3234,©
3235,athletic
3236,shoe
3237,maker
3238,#nike
3239,monday
3240,sue
3241,new
3242,york-based
3243,company
3244,produce
3245,satan
3246,shoes
3247,purport
3248,contain
3249,aâ
3250,269
3251,rt
3252,horrific
3253,mass
3254,shooting
3255,boulder
3256,monday
3257,atlanta
3258,last
3259,week
3260,two
3261,painful
3262,reminder
3263,desperately
3264,oâ
3265,270
3266,rt
3267,#wonwooğÿœÿweverse
3268,210330
3269,-01:04
3270,kst
3271,past
3272,monday
3273,everyone
3274,work
3275,hard
3276,today
3277,well
3278,everyone
3279,havâ
3280,271
3281,rt
3282,help
3283,identify
3284,individual
3285,want
3286,connection
3287,assault
3288,monday
3289,march
3290,29th
3291,11:40
3292,360
3293,west
3294,4â
3295,272
3296,rt
3297,sale
3298,away
3299,monthly
3300,goal
3301,°
3302,order
3303,place
3304,tonight
3305,tomorrow
3306,ship
3307,monday
3308,’
3309,•
3310,â€¦
3311,273
3312,sounds
3313,like
3314,good
3315,monday
3316,274
3317,rt
3318,like
3319,tweet
3320,100
3321,winner
3322,choose
3323,60
3324,minute
3325,start
3326,stream
3327,tonight
3328,weâ
3329,giveaway
3330,one
3331,lucky
3332,viewâ
3333,275
3334,rt
3335,time
3336,another
3337,#funday
3338,monday
3339,subathon
3340,week
3341,kicking
3342,goodness
3343,let'â
3344,276
3345,last
3346,couple
3347,mondayâ
3348,pretty
3349,smooth
3350,iâ
3351,shake
3352,277
3353,easter
3354,sale
3355,°
3356,pay
3357,sub
3358,fee
3359,everything
3360,page
3361,mass
3362,message
3363,charge
3364,photo
3365,278
3366,rt
3367,#assange
3368,pope
3369,francis
3370,send
3371,personal
3372,message
3373,julian
3374,assange
3375,partner
3376,stella
3377,moris
3378,reveal
3379,monday
3380,theâ
3381,279
3382,rt
3383,20
3384,year
3385,ago
3386,today
3387,last
3388,#wcw
3389,monday
3390,#nitro
3391,backstage
3392,panama
3393,city
3394,beach
3395,â€¦
3396,280
3397,rt
3398,©
3399,beautiful
3400,inspiring
3401,post
3402,monday
3403,281
3404,rt
3405,happy
3406,#kiismerchmonday
3407,©
3408,give
3409,chance
3410,win
3411,merch
3412,pack
3413,celebrating
3414,new
3415,single
3416,#leavâ
3417,282
3418,rt
3419,283
3420,rt
3421,filter
3422,happy
3423,monday
3424,284
3425,rt
3426,#wonwooğÿœÿweverse
3427,210330
3428,-01:04
3429,kst
3430,past
3431,monday
3432,everyone
3433,work
3434,hard
3435,today
3436,well
3437,everyone
3438,havâ
3439,285
3440,rt
3441,monday
3442,night
3443,5ï
3444,âƒ
3445,£
3446,–
3447,ªï
3448,–
3449,ªï
3450,–
3451,ªï
3452,–
3453,ªï
3454,joe
3455,harris
3456,–
3457,ªï
3458,#brooklâ
3459,286
3460,rt
3461,monday
3462,march
3463,29th
3464,1ï
3465,âƒ
3466,£
3467,1ï
3468,âƒ
3469,£
3470,5ï
3471,âƒ
3472,£
3473,ontario
3474,covid
3475,19
3476,rt
3477,­
3478,­
3479,vote
3480,­
3481,­
3482,‡
3483,‡
3484,r
3485,values
3486,across
3487,canadağÿ
3488,‡
3489,‡
3490,ğÿš
3491,onâ
3492,287
3493,monday
3494,nite
3495,#fortnite
3496,#smallyoutuber
3497,#smallstreamersconnect
3498,#gaintrain
3499,#growth
3500,#support
3501,#sub4sub
3502,#fortniteprimal
3503,288
3504,rt
3505,hey
3506,#veterinarian
3507,friend
3508,feeling
3509,monday
3510,slump
3511,curbside
3512,care
3513,share
3514,covid
3515,fatigue
3516,weâ
3517,toâ
3518,289
3519,rt
3520,meet
3521,one
3522,girl
3523,monday
3524,talk
3525,day
3526,next
3527,want
3528,pizza
3529,chicago
3530,weekend
3531,fly
3532,usâ
3533,290
3534,notice
3535,thelma
3536,luise
3537,change
3538,place
3539,left
3540,one
3541,monday
3542,next
3543,bâ
3544,291
3545,rt
3546,wanted
3547,sexual
3548,assault
3549,monday
3550,march
3551,15
3552,2021
3553,1:15
3554,vicinity
3555,70th
3556,st
3557,roosevelt
3558,ave
3559,292
3560,rt
3561,meet
3562,one
3563,girl
3564,monday
3565,talk
3566,day
3567,next
3568,want
3569,pizza
3570,chicago
3571,weekend
3572,fly
3573,usâ
3574,293
3575,hello
3576,everyone
3577,dog
3578,eat
3579,vaccine
3580,card
3581,how's
3582,monday
3583,294
3584,another
3585,action
3586,pack
3587,sub
3588,monday
3589,moment
3590,lvl
3591,hatchling
3592,adopt
3593,fat
3594,finger
3595,nade
3596,huge
3597,thanks
3598,toâ
3599,295
3600,rt
3601,monday
3602,huh
3603,mean
3604,productive
3605,today
3606,296
3607,rt
3608,happy
3609,monday
3610,’
3611,š
3612,kind
3613,’
3614,š
3615,—
3616,297
3617,rt
3618,picture
3619,new
3620,can't
3621,confirm
3622,could
3623,final
3624,#wcw
3625,monday
3626,#nitro
3627,20
3628,year
3629,ago
3630,298
3631,hey
3632,everyone
3633,monday
3634,night
3635,mean
3636,let's
3637,play
3638,monday
3639,we're
3640,gonna
3641,start
3642,little
3643,early
3644,today
3645,wanâ
3646,299
3647,rt
3648,u
3649,would
3650,generate
3651,enough
3652,clean
3653,electricity
3654,power
3655,10
3656,million
3657,home
3658,plan
3659,biden
3660,administration
3661,announceâ
3662,300
3663,rt
3664,monday
3665,night
3666,spiritual
3667,smackdown
3668,passover
3669,special
3670,shiela
3671,holm
3672,301
3673,rt
3674,“
3675,photo
3676,210329
3677,iz
3678,one
3679,official
3680,instagram
3681,update
3682,monday
3683,fairy
3684,wonyoung
3685,—
3686,#izone
3687,ì
3688,•
3689,„
3690,ì
3691,´
3692,ì
3693,ˆì
3694,›
3695,302
3696,monday
3697,303
3698,live
3699,make
3700,though
3701,monday
3702,come
3703,hang
3704,get
3705,latestâ
3706,304
3707,rt
3708,news
3709,ghislaine
3710,maxwell
3711,charge
3712,monday
3713,first
3714,time
3715,sex-trafficking
3716,minor
3717,federal
3718,prosecutor
3719,accuseâ
3720,305
3721,rt
3722,hong
3723,kong
3724,court
3725,refuse
3726,bail
3727,monday
3728,former
3729,lawmaker
3730,accuse
3731,along
3732,dozen
3733,democrat
3734,œconspiringâ
3735,306
3736,rt
3737,filter
3738,happy
3739,monday
3740,307
3741,rt
3742,last
3743,monday
3744,march
3745,celebrate
3746,beer-utiful
3747,prize
3748,#nisamonday
3749,rt
3750,follow
3751,chanceâ
3752,308
3753,rt
3754,u
3755,would
3756,generate
3757,enough
3758,clean
3759,electricity
3760,power
3761,10
3762,million
3763,home
3764,plan
3765,biden
3766,administration
3767,announceâ
3768,309
3769,monday
3770,highlight
3771,member
3772,team
3773,starting
3774,week
3775,fr
3776,guard
3777,bradley
3778,hall
3779,310
3780,new
3781,mha
3782,episode
3783,monday
3784,make
3785,311
3786,rt
3787,help
3788,identify
3789,individual
3790,want
3791,connection
3792,assault
3793,monday
3794,march
3795,29th
3796,11:40
3797,360
3798,west
3799,4â
3800,312
3801,rt
3802,filter
3803,happy
3804,monday
3805,313
3806,srsly
3807,cause
3808,frfr
3809,franklin
3810,mill
3811,monday
3812,anyways
3813,‚
3814,314
3815,rt
3816,filter
3817,happy
3818,monday
3819,315
3820,rt
3821,filter
3822,happy
3823,monday
3824,316
3825,dew
3826,time
3827,monday
3828,night
3829,vmr
3830,let's
3831,rock
3832,roll
3833,baby
3834,ready
3835,start
3836,week
3837,right
3838,new
3839,wresâ
3840,317
3841,easter
3842,sale
3843,°
3844,pay
3845,sub
3846,fee
3847,everything
3848,page
3849,mass
3850,message
3851,charge
3852,pâ
3853,318
3854,rt
3855,cuz
3856,monday
3857,§
3858,¡
3859,319
3860,rt
3861,meet
3862,one
3863,girl
3864,monday
3865,talk
3866,day
3867,next
3868,want
3869,pizza
3870,chicago
3871,weekend
3872,fly
3873,usâ
3874,320
3875,rt
3876,president
3877,biden
3878,urge
3879,state
3880,reimpose
3881,mask
3882,mandate
3883,hour
3884,cdc
3885,director
3886,say
3887,felt
3888,œimpending
3889,doomâ
3890,poâ
3891,321
3892,rt
3893,monday
3894,unscheduled
3895,visit
3896,president
3897,biden
3898,first
3899,lady
3900,dr
3901,jill
3902,biden
3903,go
3904,vietnam
3905,veterans
3906,memorialâ
3907,322
3908,salvage
3909,team
3910,monday
3911,finally
3912,free
3913,colossal
3914,container
3915,ship
3916,stuck
3917,nearly
3918,weekâ
3919,323
3920,rt
3921,meet
3922,one
3923,girl
3924,monday
3925,talk
3926,day
3927,next
3928,want
3929,pizza
3930,chicago
3931,weekend
3932,fly
3933,usâ
3934,324
3935,rt
3936,sunset
3937,across
3938,westside
3939,manhattan
3940,new
3941,york
3942,city
3943,monday
3944,even
3945,#newyork
3946,#newyorkcity
3947,#nyc
3948,#sunset
3949,325
3950,rt
3951,911
3952,dispatcher
3953,testifies
3954,officer
3955,pin
3956,george
3957,floyd
3958,long
3959,think
3960,video
3961,feed
3962,freeze
3963,instincts
3964,weâ
3965,326
3966,rt
3967,happy
3968,#kiismerchmonday
3969,©
3970,give
3971,chance
3972,win
3973,merch
3974,pack
3975,celebrating
3976,new
3977,single
3978,#leavâ
3979,327
3980,rt
3981,monday
3982,get
3983,something
3984,youâ
3985,proud
3986,:)
3987,328
3988,rt
3989,good
3990,morning
3991,—
3992,•
3993,’
3994,—
3995,happy
3996,monday
3997,wonderful
3998,face
3999,start
4000,week
4001,#daughterpic
4002,#mondaythoughts
4003,#nature
4004,#naturephotâ
4005,329
4006,look
4007,forward
4008,video
4009,every
4010,monday
4011,great
4012,recap
4013,330
4014,woman
4015,bed
4016,unbothered
4017,normal
4018,monday
4019,331
4020,anyone
4021,curious
4022,week
4023,go
4024,last
4025,thing
4026,google
4027,pareve
4028,energy
4029,drink
4030,monday
4031,332
4032,rt
4033,catch
4034,#rosã
4035,monday
4036,#blackpink
4037,ë
4038,ë
4039,í
4040,•
4041,‘
4042,í
4043,¬
4044,ë
4045,¡
4046,œì
4047,œ
4048,r
4049,#ontheground
4050,#yg
4051,#kellyclarksonshow
4052,â€¦
4053,333
4054,rt
4055,thai
4056,authority
4057,monday
4058,deny
4059,force
4060,back
4061,refugee
4062,flee
4063,air
4064,strike
4065,myanmar
4066,local
4067,official
4068,say
4069,334
4070,rt
4071,filter
4072,happy
4073,monday
4074,335
4075,rt
4076,meet
4077,one
4078,girl
4079,monday
4080,talk
4081,day
4082,next
4083,want
4084,pizza
4085,chicago
4086,weekend
4087,fly
4088,usâ
4089,336
4090,rt
4091,iâ
4092,ready
4093,monday
4094,night
4095,travel
4096,easter
4097,celebration
4098,iâ
4099,excite
4100,see
4101,soon
4102,havenâ
4103,registeredâ
4104,337
4105,monday
4106,mugshot
4107,338
4108,easter
4109,sale
4110,°
4111,pay
4112,sub
4113,fee
4114,everything
4115,page
4116,mass
4117,message
4118,chargedâ
4119,339
4120,rt
4121,happy
4122,#monday
4123,ƒ
4124,livelab
4125,conduct
4126,small
4127,survey
4128,student
4129,#music
4130,listening
4131,habit
4132,would
4133,loveâ
4134,340
4135,monday
4136,work
4137,341
4138,rt
4139,u
4140,sen
4141,ed
4142,markey
4143,visit
4144,brockton
4145,monday
4146,tour
4147,city's
4148,covid
4149,19
4150,vaccination
4151,clinic
4152,shaw's
4153,center
4154,tâ
4155,342
4156,happy
4157,monday
4158,bella
4159,boh
4160,love
4161,°
4162,©
4163,’
4164,343
4165,rt
4166,filter
4167,happy
4168,monday
4169,344
4170,finish
4171,buy
4172,curbside
4173,flower
4174,seed
4175,packet
4176,help
4177,spread
4178,cheer
4179,among
4180,colleague
4181,industry
4182,monday
4183,345
4184,rt
4185,little
4186,friday
4187,night
4188,giveaway
4189,want
4190,get
4191,hand
4192,#turface
4193,hoodie
4194,#dirt
4195,tee
4196,¢
4197,follow
4198,346
4199,rt
4200,911
4201,dispatcher
4202,testifies
4203,officer
4204,pin
4205,george
4206,floyd
4207,long
4208,think
4209,video
4210,feed
4211,freeze
4212,instincts
4213,weâ
4214,347
4215,monday
4216,spoiler
4217,headache
4218,real
4219,illness
4220,iâ
4221,get
4222,348
4223,rt
4224,#wonwooğÿœÿweverse
4225,210330
4226,-01:04
4227,kst
4228,past
4229,monday
4230,everyone
4231,work
4232,hard
4233,today
4234,well
4235,everyone
4236,havâ
4237,349
4238,rt
4239,hat
4240,watch
4241,11
4242,love
4243,andre
4244,friend
4245,cheer
4246,push
4247,friend
4248,kyle
4249,sofa
4250,f
4251,thaâ
4252,350
4253,rt
4254,honor
4255,mow
4256,mr
4257,mrs
4258,weigandâ
4259,lawn
4260,beautiful
4261,monday
4262,morning
4263,mr
4264,weigand
4265,alâ
4266,351
4267,rt
4268,breaking
4269,georgia
4270,gov
4271,brian
4272,kemp
4273,r
4274,quarantine
4275,recent
4276,exposure
4277,individual
4278,test
4279,positive
4280,covâ
4281,352
4282,rt
4283,good
4284,morning
4285,beautiful
4286,’
4287,„
4288,day
4289,iâ
4290,get
4291,leave
4292,house
4293,week
4294,iâ
4295,353
4296,rt
4297,hereâ
4298,starship
4299,faa-inspector
4300,thing
4301,go
4302,accord
4303,person
4304,familiar
4305,inspector
4306,boca
4307,last
4308,weâ
4309,354
4310,rt
4311,sale
4312,1.99
4313,min
4314,monday
4315,sale
4316,reg
4317,5.99
4318,min
4319,free
4320,card
4321,rune
4322,day
4323,9.99
4324,credit
4325,register
4326,free
4327,minâ
4328,355
4329,covid
4330,screw
4331,year
4332,usually
4333,game
4334,monday
4335,night
4336,356
4337,lansing
4338,catholic
4339,v
4340,chelsea
4341,2021
4342,high
4343,school
4344,girls
4345,basketball
4346,live
4347,watch
4348,live
4349,cougâ
4350,357
4351,easter
4352,sale
4353,°
4354,pay
4355,sub
4356,fee
4357,everything
4358,page
4359,mass
4360,message
4361,chaâ
4362,358
4363,sunny
4364,monday
4365,evening
4366,deck
4367,#parodiking
4368,#parodikings
4369,#parodi
4370,#avanticigar
4371,359
4372,make
4373,monday
4374,bearable
4375,bs
4376,show
4377,thoroughly
4378,investeâ
4379,360
4380,rt
4381,today
4382,good
4383,monday
4384,lie
4385,361
4386,rt
4387,brain
4388,might
4389,mushy
4390,imma
4391,sit
4392,tushy
4393,snuggle
4394,plushy
4395,patron
4396,get
4397,umm
4398,bushy
4399,umm
4400,ğÿœ
4401,³
4402,ƒ
4403,taâ
4404,362
4405,rt
4406,good
4407,monday
4408,far
4409,°
4410,363
4411,rt
4412,blue
4413,monday
4414,new
4415,order
4416,seattle
4417,nazi
4418,punched
4419,video
4420,remix
4421,#punchingnazis
4422,#punchanazi
4423,364
4424,rt
4425,barely
4426,monday
4427,iâ
4428,already
4429,want
4430,beer
4431,365
4432,yeah
4433,emotionally
4434,exhaust
4435,lol
4436,hope
4437,good
4438,monday
4439,366
4440,rt
4441,happy
4442,monday
4443,’
4444,°
4445,’
4446,šâ
4447,°
4448,’
4449,¡
4450,’
4451,°
4452,’
4453,šâ
4454,°
4455,’
4456,367
4457,andrade
4458,say
4459,ask
4460,release
4461,monday
4462,late
4463,test
4464,postive
4465,covid
4466,19
4467,time
4468,charlotâ
4469,368
4470,rt
4471,join
4472,us
4473,next
4474,week
4475,kick
4476,#springspeakerseries
4477,topic
4478,everyone
4479,interested
4480,#pathology
4481,next
4482,week
4483,allâ
4484,369
4485,rt
4486,“
4487,ƒmonday
4488,reads
4489,catherine
4490,lhamon
4491,kalisha
4492,dessources
4493,figures
4494,pennedâœ
4495,½
4496,new
4497,piece
4498,œapproaching
4499,policy
4500,equity
4501,mâ
4502,370
4503,rt
4504,wonwoo
4505,post
4506,every
4507,monday
4508,every
4509,night
4510,remind
4511,us
4512,well
4513,survive
4514,day
4515,..
4516,jeon
4517,wonwoo
4518,really
4519,know
4520,toâ
4521,371
4522,rt
4523,florida
4524,gov
4525,ron
4526,desantis
4527,say
4528,monday
4529,would
4530,issue
4531,executive
4532,order
4533,forbid
4534,local
4535,government
4536,businessesâ
4537,372
4538,gotta
4539,work
4540,get
4541,early
4542,day
4543,hereâ
4544,schedule
4545,week
4546,start
4547,cst
4548,mondâ
4549,373
4550,rt
4551,ohhhhh
4552,randy
4553,monday
4554,mean
4555,soon
4556,play
4557,maybe
4558,join
4559,us
4560,tonight
4561,orrrrr
4562,maybe
4563,willl
4564,continueâ
4565,374
4566,rt
4567,filter
4568,happy
4569,monday
4570,375
4571,rt
4572,œhappy
4573,mondayğÿ
4574,œ
4575,we're
4576,give
4577,chance
4578,#win
4579,case
4580,kumala
4581,zenith
4582,want
4583,enter
4584,course
4585,simply
4586,follow
4587,oâ
4588,376
4589,easter
4590,sale
4591,°
4592,pay
4593,sub
4594,fee
4595,everything
4596,page
4597,mass
4598,message
4599,charge
4600,photo
4601,forâ
4602,377
4603,rt
4604,good
4605,monday
4606,afternoon
4607,may
4608,get
4609,little
4610,distracted
4611,watch
4612,lil
4613,sea
4614,calf
4615,battle
4616,pet
4617,run
4618,around
4619,balancâ
4620,378
4621,imagine
4622,monday
4623,donâ
4624,get
4625,see
4626,love
4627,life
4628,barely
4629,know
4630,existence
4631,friday
4632,379
4633,rt
4634,boys
4635,varsity
4636,golf
4637,finish
4638,regular
4639,tournament
4640,schedule
4641,5th
4642,place
4643,team
4644,finish
4645,vernon
4646,newsome
4647,memoriaâ
4648,380
4649,rt
4650,tony
4651,buttari
4652,jay
4653,rinehart
4654,give
4655,thought
4656,mondayâ
4657,victory
4658,©
4659,©
4660,©
4661,hâ
4662,381
4663,rt
4664,another
4665,crazy
4666,manic
4667,monday
4668,´
4669,´
4670,thank
4671,heaven's
4672,today's
4673,fragmanğÿ
4674,°
4675,§
4676,¿
4677,#edser
4678,#kerembã
4679,¼
4680,rsin
4681,#handeerã
4682,§
4683,el
4684,#senã
4685,‡
4686,alkapä
4687,±
4688,382
4689,rt
4690,meet
4691,one
4692,girl
4693,monday
4694,talk
4695,day
4696,next
4697,want
4698,pizza
4699,chicago
4700,weekend
4701,fly
4702,usâ
4703,383
4704,easter
4705,sale
4706,°
4707,pay
4708,sub
4709,fee
4710,everything
4711,page
4712,mass
4713,message
4714,charge
4715,photo
4716,forâ
4717,384
4718,rt
4719,another
4720,monday
4721,appreciating
4722,#lisa
4723,face
4724,u
4725,n
4726,n
4727,n
4728,g
4729,â€¦
4730,385
4731,cajun
4732,chicken
4733,wing
4734,beer
4735,leafs
4736,puck
4737,solid
4738,monday
4739,i'd
4740,say
4741,386
4742,rt
4743,weâ
4744,fine
4745,sleepy
4746,monday
4747,387
4748,âš
4749,«
4750,monday
4751,night
4752,march
4753,29
4754,âš
4755,«
4756,university
4757,update
4758,covid
4759,19
4760,case
4761,dashboard
4762,since
4763,wed
4764,march
4765,2â
4766,388
4767,rt
4768,meet
4769,one
4770,girl
4771,monday
4772,talk
4773,day
4774,next
4775,want
4776,pizza
4777,chicago
4778,weekend
4779,fly
4780,usâ
4781,389
4782,rt
4783,monday
4784,stack
4785,sale
4786,lot
4787,0.25
4788,1-4
4789,card
4790,pwe
4791,card
4792,bmwt
4793,â€¦
4794,390
4795,rt
4796,#wonwooğÿœÿweverse
4797,210330
4798,-01:04
4799,kst
4800,past
4801,monday
4802,everyone
4803,work
4804,hard
4805,today
4806,well
4807,everyone
4808,havâ
4809,391
4810,monday
4811,inspirational
4812,moment
4813,392
4814,rt
4815,good
4816,morning
4817,everyone
4818,‹
4819,»
4820,happy
4821,monday
4822,:)
4823,wish
4824,best
4825,start
4826,week
4827,ahead
4828,’
4829,’
4830,•
4831,»
4832,393
4833,another
4834,monday
4835,dauntless
4836,394
4837,u
4838,put
4839,cheek
4840,timeline
4841,monday
4842,evening
4843,iâ
4844,homosexual
4845,unbelievable
4846,395
4847,rt
4848,university
4849,community
4850,break
4851,thursday
4852,april
4853,"01,2021"
4854,monday
4855,april
4856,"05,2021"
4857,2021
4858,easter
4859,holidays
4860,396
4861,rt
4862,seeing
4863,lot
4864,daycare
4865,school
4866,monday
4867,3/5
4868,test
4869,positive
4870,397
4871,rt
4872,®
4873,thank
4874,u
4875,listen
4876,late
4877,hour
4878,iâ
4879,glad
4880,make
4881,u
4882,happy
4883,§
4884,meet
4885,every
4886,week
4887,imâ
4888,398
4889,panic
4890,dwindle
4891,number
4892,hour
4893,complete
4894,item
4895,today's
4896,to-do
4897,list
4898,theâ
4899,399
4900,rt
4901,another
4902,manic
4903,monday
4904,400
4905,rt
4906,monday
4907,grind
4908,401
4909,i'm
4910,cognizant
4911,concept
4912,monday
4913,morning
4914,quarterback
4915,402
4916,easter
4917,sale
4918,°
4919,pay
4920,sub
4921,fee
4922,everything
4923,page
4924,mass
4925,message
4926,charge
4927,photo
4928,forâ
4929,403
4930,rt
4931,­
4932,giveaway
4933,#5â
4934,­
4935,give
4936,away
4937,copy
4938,#thesims4
4939,moschino
4940,stuff
4941,pack
4942,pc
4943,need
4944,follow
4945,retâ
4946,404
4947,rt
4948,start
4949,stream
4950,affirmation
4951,gratitude
4952,enjoy
4953,marble
4954,monday
4955,’
4956,–
4957,º
4958,â€¦
4959,405
4960,welcome
4961,everyone
4962,monday
4963,night
4964,raw
4965,#wweraw
4966,406
4967,speaking
4968,ddr
4969,monday
4970,407
4971,rt
4972,breaking
4973,georgia
4974,gov
4975,brian
4976,kemp
4977,r
4978,quarantine
4979,recent
4980,exposure
4981,individual
4982,test
4983,positive
4984,covâ
4985,408
4986,rt
4987,thanks
4988,new
4989,follower
4990,old
4991,friend
4992,vet
4993,follow
4994,rt
4995,#monday
4996,motivation
4997,#fbr
4998,409
4999,rt
5000,happy
5001,monday
5002,let's
5003,start
5004,week
5005,sale
5006,let's
5007,fill
5008,state
5009,currently
5010,10
5011,stated
5012,coloâ
5013,410
5014,rt
5015,breaking
5016,georgia
5017,gov
5018,brian
5019,kemp
5020,r
5021,quarantine
5022,recent
5023,exposure
5024,individual
5025,test
5026,positive
5027,covâ
5028,411
5029,rt
5030,basically
5031,radio
5032,show
5033,enhypen
5034,air
5035,every
5036,monday
5037,exact
5038,time
5039,hour
5040,ni-ki's
5041,go
5042,aâ
5043,412
5044,rt
5045,monday
5046,413
5047,rt
5048,filter
5049,happy
5050,monday
5051,414
5052,rt
5053,ğÿœ
5054,ğÿœ
5055,giveaway
5056,time
5057,ğÿœ
5058,ğÿœ
5059,randomly
5060,select
5061,gift
5062,30
5063,billion
5064,token
5065,lucky
5066,free
5067,enterâ
5068,415
5069,rt
5070,still
5071,busy
5072,intro
5073,part
5074,sex
5075,virus
5076,ep2
5077,gif
5078,barry
5079,finally
5080,reach
5081,secret
5082,entrance
5083,umbrella
5084,hiâ
5085,416
5086,rt
5087,another
5088,monday
5089,another
5090,sad
5091,photo
5092,maxx
5093,april
5094,21
5095,maxx
5096,care
5097,one
5098,year
5099,let's
5100,find
5101,home
5102,befoâ
5103,417
5104,rt
5105,911
5106,dispatcher
5107,testifies
5108,officer
5109,pin
5110,george
5111,floyd
5112,long
5113,think
5114,video
5115,feed
5116,freeze
5117,instincts
5118,weâ
5119,418
5120,rt
5121,busy
5122,play
5123,#monsterhunter
5124,rise
5125,forget
5126,monday
5127,congrats
5128,team
5129,releaseâ
5130,419
5131,rt
5132,monday
5133,motivation
5134,rise
5135,bella
5136,shmurda
5137,¢
5138,released
5139,one
5140,best
5141,eps
5142,2020
5143,high
5144,tension
5145,‡
5146,¢
5147,dropped
5148,one
5149,ofâ
5150,420
5151,rt
5152,#wonwooğÿœÿweverse
5153,210330
5154,-01:04
5155,kst
5156,past
5157,monday
5158,everyone
5159,work
5160,hard
5161,today
5162,well
5163,everyone
5164,havâ
5165,421
5166,rt
5167,today
5168,good
5169,monday
5170,lie
5171,422
5172,everything
5173,come
5174,one
5175,day
5176,need
5177,ration
5178,next
5179,music
5180,show
5181,appearance
5182,late
5183,theâ
5184,423
5185,rt
5186,monday
5187,motivation
5188,rise
5189,bella
5190,shmurda
5191,¢
5192,released
5193,one
5194,best
5195,eps
5196,2020
5197,high
5198,tension
5199,‡
5200,¢
5201,dropped
5202,one
5203,ofâ
5204,424
5205,easter
5206,sale
5207,°
5208,pay
5209,sub
5210,fee
5211,everything
5212,page
5213,mass
5214,message
5215,charge
5216,photo
5217,foâ
5218,425
5219,rt
5220,santa
5221,clara
5222,county
5223,official
5224,chief
5225,executive
5226,san
5227,jose-based
5228,bloom
5229,energy
5230,monday
5231,announce
5232,"199,000"
5233,donation
5234,toâ
5235,426
5236,rt
5237,filter
5238,happy
5239,monday
5240,427
5241,rt
5242,filter
5243,happy
5244,monday
5245,428
5246,rt
5247,happy
5248,monday
5249,time
5250,weekly
5251,news
5252,ˆ
5253,new
5254,pet
5255,furniture
5256,house
5257,come
5258,week
5259,š
5260,“
5261,º
5262,â€¦
5263,429
5264,rt
5265,sack
5266,give
5267,people
5268,want
5269,cold
5270,war
5271,dm
5272,ultra
5273,hard
5274,unlock
5275,£
5276,100
5277,paypal
5278,giveaway
5279,gotta
5280,folâ
5281,430
5282,rt
5283,know
5284,know
5285,mean
5286,make
5287,life
5288,good
5289,remember
5290,honor
5291,lâ
5292,431
5293,rt
5294,cuz
5295,monday
5296,§
5297,¡
5298,432
5299,rt
5300,richard
5301,okorogheye
5302,19
5303,miss
5304,home
5305,ladborke
5306,grove
5307,since
5308,monday
5309,march
5310,22
5311,tell
5312,mum
5313,sâ
5314,433
5315,rt
5316,ashlee
5317,simpson
5318,‘
5319,‘
5320,‘
5321,‘
5322,‘
5323,‘
5324,‘
5325,¼
5326,monday
5327,waiting
5328,áµ
5329,—
5330,áµ
5331,áµ
5332,ë
5333,¢
5334,áµˆáµƒê
5335,á
5336,¶
5337,áµƒáµ
5338,á
5339,¶
5340,áµƒáµˆá
5341,¶
5342,¿
5343,áµ
5344,ª
5345,«
5346,¬
5347,…
5348,434
5349,r
5350,pretty
5351,quite
5352,good
5353,lookin
5354,u
5355,maggie
5356,hope
5357,monday
5358,great
5359,nice
5360,weatherâ
5361,435
5362,rt
5363,guess
5364,monday
5365,unmasking
5366,bot
5367,twitter
5368,day
5369,436
5370,please
5371,monday
5372,night
5373,cant
5374,cry
5375,437
5376,rt
5377,except
5378,large
5379,drop
5380,reported
5381,death
5382,massive
5383,increase
5384,across
5385,board
5386,increase
5387,numberâ
5388,438
5389,rt
5390,yearâ
5391,ncaa
5392,menâ
5393,tournament
5394,exciting
5395,unpredictable
5396,congratulations
5397,439
5398,rt
5399,richard
5400,okorogheye
5401,19
5402,miss
5403,home
5404,ladborke
5405,grove
5406,since
5407,monday
5408,march
5409,22
5410,tell
5411,mum
5412,wâ
5413,440
5414,monday
5415,march
5416,29
5417,2021
5418,19:58
5419,02
5420,joe
5421,biden
5422,still
5423,owe
5424,600
5425,441
5426,easter
5427,sale
5428,°
5429,pay
5430,sub
5431,fee
5432,everything
5433,page
5434,mass
5435,message
5436,charge
5437,photo
5438,forâ
5439,442
5440,rt
5441,monday
5442,mondayness
5443,go
5444,443
5445,rt
5446,get
5447,sack
5448,happy
5449,monday
5450,sane
5451,world
5452,444
5453,rt
5454,15
5455,day
5456,ago
5457,ask
5458,release
5459,monday
5460,test
5461,positive
5462,covid
5463,sunday
5464,day
5465,late
5466,covid
5467,call
5468,hiâ
5469,445
5470,questions
5471,faq
5472,monday
5473,aaaaaaaaaaand
5474,go
5475,446
5476,rt
5477,holy
5478,monday
5479,let
5480,us
5481,walk
5482,lord
5483,week
5484,lay
5485,life
5486,friend
5487,love
5488,sacrifice
5489,#holymondayâ
5490,447
5491,rt
5492,š
5493,taj
5494,nerlens
5495,talk
5496,monday's
5497,shootaround
5498,mike
5499,woodson's
5500,departure
5501,coach
5502,thibodeau
5503,step
5504,448
5505,rt
5506,’
5507,°
5508,mo
5509,money
5510,mondays
5511,baby
5512,’
5513,°
5514,9:20
5515,pm
5516,est
5517,125
5518,mega
5519,monday
5520,mashup
5521,ko
5522,š
5523,collab
5524,w
5525,ğÿœ
5526,¯
5527,10k
5528,6h
5529,10m
5530,50
5531,kos
5532,449
5533,rt
5534,monday
5535,vet
5536,f
5537,fb
5538,rt
